overall_rank,page,ranks
2703,178,"[149, 137, 145, 148, 143, 143, 144, 143, 144, 127, 140, 108, 109, 110, 103, 85, 94, 81, 85, 87, 67, 78, 74, 59]"
3378,146,"[138, 155, 156, 148, 167, 143, 152, 136, 148, 164, 157, 114, 131, 137, 149, 142, 133, 132, 125, 132, 129, 131, 128, 131]"
3063,480,"[136, 132, 134, 136, 156, 134, 148, 122, 134, 114, 147, 142, 129, 139, 136, 133, 122, 118, 110, 115, 118, 117, 93, 98]"
3192,155,"[134, 118, 144, 137, 153, 119, 137, 154, 142, 151, 150, 134, 129, 134, 145, 115, 139, 117, 122, 120, 128, 128, 126, 116]"
2561,276,"[134, 138, 128, 112, 121, 125, 138, 135, 116, 105, 106, 107, 108, 113, 121, 94, 95, 90, 83, 85, 73, 74, 87, 73]"
1618,472,"[134, 120, 142, 126, 129, 120, 131, 123, 104, 108, 75, 57, 47, 30, 30, 31, 17, 23, 22, 9, 10, 12, 8, 10]"
2563,171,"[133, 114, 130, 116, 117, 123, 122, 111, 116, 118, 103, 121, 112, 119, 121, 115, 108, 99, 76, 81, 82, 84, 75, 67]"
2525,47b,"[128, 133, 121, 138, 123, 136, 136, 130, 129, 126, 114, 121, 112, 108, 123, 75, 71, 69, 85, 73, 71, 74, 61, 68]"
2792,142,"[128, 139, 121, 122, 139, 125, 122, 139, 141, 139, 126, 130, 125, 119, 116, 112, 118, 116, 88, 93, 90, 83, 69, 92]"
2463,159,"[128, 113, 108, 116, 103, 100, 122, 115, 117, 109, 103, 108, 114, 102, 98, 98, 98, 66, 87, 104, 94, 97, 84, 79]"
2970,475,"[126, 117, 144, 120, 120, 132, 121, 121, 108, 117, 116, 114, 113, 124, 119, 114, 125, 135, 147, 123, 132, 139, 130, 113]"
2639,63,"[121, 102, 107, 111, 109, 116, 118, 115, 121, 106, 121, 116, 101, 112, 116, 104, 108, 109, 119, 104, 92, 104, 101, 106]"
2310,36b,"[119, 113, 123, 100, 89, 96, 95, 104, 107, 95, 104, 96, 83, 94, 108, 96, 94, 95, 83, 79, 92, 74, 84, 87]"
1902,277,"[119, 98, 117, 84, 116, 98, 110, 112, 93, 117, 103, 84, 63, 67, 65, 51, 65, 61, 48, 58, 55, 43, 40, 35]"
2592,99,"[118, 103, 137, 135, 114, 110, 112, 122, 114, 132, 127, 115, 120, 118, 128, 110, 111, 102, 89, 93, 92, 74, 49, 67]"
2326,34b,"[116, 102, 98, 107, 92, 105, 114, 98, 89, 90, 83, 82, 87, 106, 101, 82, 81, 90, 94, 100, 95, 103, 113, 98]"
2345,282,"[115, 138, 136, 124, 131, 115, 121, 114, 98, 108, 109, 104, 114, 132, 152, 71, 66, 70, 58, 66, 56, 52, 56, 39]"
2560,318,"[115, 136, 134, 126, 129, 122, 130, 122, 113, 118, 113, 106, 91, 93, 113, 114, 103, 89, 90, 92, 92, 83, 65, 71]"
2430,454,"[115, 107, 101, 98, 102, 112, 100, 104, 97, 104, 103, 95, 81, 101, 105, 97, 93, 92, 99, 108, 98, 101, 111, 106]"
2818,300,"[114, 128, 130, 127, 135, 133, 115, 144, 120, 108, 106, 115, 111, 103, 140, 115, 111, 104, 114, 106, 109, 105, 109, 116]"
2492,47t,"[112, 118, 104, 117, 135, 126, 121, 118, 107, 108, 110, 92, 80, 95, 93, 89, 91, 106, 86, 110, 100, 92, 96, 86]"
1498,455,"[112, 99, 81, 62, 74, 72, 83, 89, 67, 64, 64, 60, 57, 52, 56, 50, 49, 48, 48, 46, 45, 44, 42, 34]"
1671,344,"[111, 102, 99, 88, 98, 93, 91, 93, 83, 88, 75, 57, 61, 61, 62, 48, 54, 47, 43, 46, 49, 46, 44, 32]"
1312,228,"[110, 98, 97, 96, 84, 80, 75, 82, 57, 53, 62, 55, 53, 45, 45, 32, 26, 31, 22, 28, 27, 20, 19, 15]"
2409,32t,"[107, 108, 98, 90, 100, 104, 118, 126, 135, 123, 130, 96, 111, 103, 108, 97, 91, 85, 85, 86, 85, 83, 72, 68]"
2515,40,"[104, 92, 114, 108, 118, 121, 125, 132, 105, 96, 111, 97, 99, 116, 115, 104, 104, 94, 97, 95, 97, 90, 96, 85]"
2251,168,"[103, 125, 124, 105, 108, 125, 115, 119, 116, 100, 95, 89, 86, 96, 88, 68, 70, 64, 75, 85, 77, 74, 74, 70]"
2771,59,"[102, 118, 137, 108, 125, 127, 136, 115, 104, 110, 120, 114, 114, 116, 126, 121, 97, 110, 114, 118, 103, 112, 104, 120]"
2210,268,"[102, 115, 115, 105, 108, 128, 129, 119, 107, 117, 88, 82, 76, 81, 82, 71, 73, 69, 77, 82, 82, 75, 63, 64]"
2239,84,"[100, 100, 79, 97, 107, 109, 102, 108, 99, 85, 100, 94, 87, 96, 102, 96, 93, 83, 76, 100, 102, 78, 81, 65]"
1539,86,"[100, 79, 90, 75, 88, 86, 84, 84, 74, 80, 80, 75, 66, 60, 68, 55, 54, 44, 40, 35, 33, 36, 29, 24]"
2387,112,"[100, 114, 112, 113, 113, 112, 111, 102, 111, 101, 100, 99, 98, 104, 99, 111, 100, 110, 108, 93, 61, 82, 68, 65]"
2665,503,"[100, 91, 100, 124, 114, 122, 131, 140, 158, 123, 137, 146, 120, 102, 108, 99, 95, 113, 103, 92, 102, 81, 84, 80]"
1730,148,"[99, 83, 89, 86, 88, 83, 78, 82, 74, 70, 76, 75, 75, 80, 75, 66, 67, 62, 63, 75, 63, 49, 31, 41]"
2159,217,"[98, 92, 112, 99, 109, 91, 114, 86, 88, 85, 92, 91, 87, 76, 94, 96, 90, 74, 89, 84, 80, 88, 75, 69]"
2012,269,"[98, 92, 91, 79, 103, 87, 91, 91, 90, 83, 78, 76, 77, 75, 82, 88, 79, 78, 93, 74, 74, 75, 76, 82]"
1881,312b,"[98, 80, 88, 82, 98, 101, 97, 92, 75, 103, 81, 86, 82, 85, 66, 58, 80, 70, 76, 57, 72, 69, 42, 43]"
1189,500,"[98, 114, 76, 87, 90, 74, 72, 76, 87, 79, 54, 42, 34, 24, 14, 14, 11, 16, 11, 11, 31, 23, 31, 20]"
1897,203,"[97, 87, 87, 75, 85, 89, 80, 96, 88, 84, 82, 95, 106, 106, 87, 64, 85, 67, 61, 58, 58, 51, 53, 56]"
1861,77t,"[96, 79, 83, 98, 96, 95, 97, 99, 101, 94, 97, 75, 92, 82, 69, 56, 55, 69, 45, 65, 68, 54, 50, 46]"
1409,89,"[96, 77, 79, 83, 80, 66, 59, 52, 50, 58, 58, 40, 49, 48, 48, 60, 58, 61, 51, 44, 44, 46, 53, 49]"
2496,335,"[96, 95, 97, 87, 109, 103, 119, 120, 97, 102, 113, 117, 116, 117, 121, 109, 114, 108, 103, 100, 97, 78, 91, 87]"
1791,436,"[96, 99, 85, 86, 79, 78, 79, 81, 67, 74, 89, 78, 70, 84, 87, 67, 68, 65, 65, 59, 52, 63, 56, 64]"
1766,542,"[96, 95, 88, 103, 91, 97, 92, 94, 104, 94, 92, 84, 74, 64, 79, 69, 66, 70, 39, 49, 45, 33, 32, 16]"
1503,29t,"[95, 85, 73, 73, 69, 75, 71, 68, 56, 58, 65, 65, 57, 67, 53, 46, 59, 59, 47, 58, 56, 68, 41, 39]"
2168,299,"[95, 106, 99, 86, 95, 86, 91, 88, 87, 84, 76, 91, 80, 86, 97, 107, 96, 101, 91, 92, 93, 89, 89, 63]"
2524,384,"[95, 80, 98, 106, 100, 103, 109, 126, 105, 95, 114, 99, 116, 105, 131, 116, 120, 117, 107, 94, 86, 106, 97, 99]"
2284,569b,"[95, 89, 77, 77, 98, 97, 90, 101, 100, 93, 110, 99, 103, 118, 111, 107, 106, 92, 97, 96, 81, 87, 81, 79]"
1620,39t,"[93, 74, 76, 88, 83, 88, 93, 91, 88, 60, 67, 62, 81, 75, 67, 54, 54, 59, 53, 50, 41, 43, 45, 35]"
2780,45t,"[93, 81, 95, 100, 96, 89, 120, 118, 115, 123, 117, 105, 114, 122, 148, 119, 130, 125, 121, 134, 130, 123, 135, 127]"
2058,49b,"[92, 90, 80, 98, 93, 85, 108, 103, 84, 78, 95, 87, 69, 76, 93, 84, 83, 72, 72, 82, 81, 92, 79, 82]"
2286,101t,"[92, 82, 84, 95, 101, 111, 102, 107, 103, 106, 102, 106, 96, 101, 95, 81, 84, 94, 95, 88, 90, 87, 84, 100]"
2213,192,"[92, 94, 102, 101, 91, 107, 104, 117, 95, 113, 107, 101, 87, 87, 89, 94, 87, 98, 77, 89, 71, 74, 65, 71]"
1626,196,"[92, 75, 89, 81, 63, 64, 70, 77, 59, 72, 55, 64, 75, 77, 70, 63, 69, 56, 67, 65, 50, 58, 62, 53]"
1915,163b,"[90, 107, 103, 89, 96, 107, 108, 116, 115, 98, 84, 80, 88, 80, 79, 74, 67, 60, 45, 55, 45, 49, 41, 39]"
1730,430,"[90, 79, 85, 76, 89, 84, 80, 78, 68, 81, 68, 64, 79, 67, 79, 103, 83, 79, 66, 55, 41, 41, 49, 46]"
1809,448t,"[90, 75, 106, 102, 89, 90, 98, 115, 102, 80, 99, 89, 85, 77, 58, 63, 58, 60, 58, 43, 48, 45, 45, 34]"
1950,340,"[89, 87, 77, 92, 96, 88, 81, 71, 87, 86, 85, 87, 82, 74, 77, 80, 83, 79, 70, 79, 72, 75, 75, 78]"
1614,546,"[89, 83, 100, 90, 90, 86, 97, 91, 75, 77, 76, 70, 52, 54, 53, 51, 58, 50, 48, 42, 36, 43, 60, 43]"
2242,270,"[88, 84, 88, 88, 106, 116, 111, 97, 89, 96, 96, 96, 81, 98, 115, 106, 96, 101, 98, 101, 86, 66, 83, 56]"
1274,411,"[88, 82, 92, 78, 69, 72, 74, 76, 75, 57, 61, 55, 42, 41, 37, 32, 31, 31, 26, 22, 24, 30, 44, 35]"
1278,547,"[88, 87, 92, 90, 78, 71, 65, 71, 60, 61, 56, 47, 51, 42, 48, 40, 34, 34, 27, 25, 30, 27, 25, 29]"
1259,208,"[87, 62, 70, 74, 48, 62, 70, 60, 53, 41, 49, 48, 54, 48, 34, 48, 64, 42, 46, 50, 48, 26, 38, 37]"
1839,31t,"[85, 86, 83, 85, 98, 96, 102, 102, 92, 77, 75, 61, 61, 58, 88, 72, 63, 76, 72, 72, 64, 66, 59, 46]"
1962,274t,"[85, 72, 76, 69, 85, 85, 91, 92, 87, 99, 89, 79, 87, 86, 100, 101, 92, 97, 80, 70, 64, 65, 59, 52]"
1196,528,"[85, 73, 62, 66, 67, 54, 57, 54, 58, 58, 46, 50, 47, 44, 51, 39, 41, 39, 33, 41, 35, 34, 34, 28]"
1597,198,"[84, 63, 59, 71, 65, 73, 79, 82, 68, 77, 73, 64, 58, 79, 68, 63, 62, 57, 59, 65, 65, 70, 47, 46]"
1780,72b,"[82, 93, 85, 80, 103, 106, 91, 82, 87, 93, 82, 65, 75, 81, 65, 68, 60, 57, 59, 56, 58, 46, 52, 54]"
1462,209,"[82, 66, 99, 86, 92, 99, 76, 80, 62, 66, 68, 52, 67, 54, 46, 41, 45, 33, 44, 42, 35, 55, 42, 30]"
1473,504,"[82, 76, 90, 78, 78, 84, 82, 75, 78, 69, 83, 68, 72, 65, 50, 47, 40, 42, 47, 38, 38, 30, 35, 26]"
1870,82t,"[81, 79, 77, 92, 84, 77, 92, 104, 101, 95, 83, 83, 72, 64, 86, 68, 72, 64, 69, 64, 67, 71, 74, 51]"
1809,460,"[81, 96, 79, 86, 90, 79, 68, 67, 75, 71, 76, 61, 63, 58, 75, 72, 84, 76, 67, 76, 70, 78, 80, 81]"
1752,37b,"[80, 81, 93, 74, 66, 73, 86, 65, 71, 57, 74, 59, 71, 72, 82, 66, 64, 82, 77, 69, 75, 61, 84, 70]"
1558,236,"[80, 83, 76, 68, 71, 81, 90, 81, 57, 64, 70, 58, 65, 57, 58, 73, 61, 48, 51, 63, 54, 63, 43, 43]"
1104,313b,"[80, 68, 65, 63, 65, 68, 75, 56, 58, 45, 37, 33, 32, 32, 33, 28, 30, 34, 35, 35, 36, 40, 29, 27]"
1548,107,"[79, 78, 91, 77, 84, 86, 111, 95, 76, 72, 76, 65, 60, 59, 67, 53, 57, 52, 43, 35, 38, 40, 30, 24]"
1570,216,"[79, 74, 73, 66, 66, 61, 63, 63, 68, 75, 65, 61, 64, 73, 78, 72, 62, 66, 60, 58, 66, 56, 50, 51]"
2038,186,"[78, 82, 88, 92, 76, 82, 88, 91, 87, 76, 92, 71, 90, 100, 87, 79, 93, 73, 89, 88, 76, 87, 82, 91]"
1584,383,"[78, 95, 67, 65, 86, 80, 93, 84, 74, 70, 81, 77, 61, 59, 73, 59, 53, 61, 55, 45, 42, 38, 39, 49]"
968,65,"[77, 66, 63, 68, 75, 56, 45, 48, 48, 31, 36, 31, 32, 34, 25, 29, 31, 27, 22, 19, 29, 32, 22, 22]"
1456,183,"[76, 70, 75, 74, 73, 77, 89, 75, 69, 63, 60, 54, 58, 39, 52, 68, 42, 49, 48, 50, 54, 47, 38, 56]"
1279,440,"[76, 73, 75, 84, 82, 87, 62, 70, 75, 56, 76, 60, 67, 54, 43, 41, 35, 23, 27, 24, 19, 24, 25, 21]"
965,564,"[76, 89, 101, 81, 73, 56, 68, 61, 53, 47, 43, 47, 34, 22, 23, 17, 20, 21, 9, 5, 6, 5, 5, 3]"
1423,49t,"[73, 76, 81, 75, 82, 62, 91, 87, 70, 57, 55, 40, 50, 45, 68, 64, 56, 55, 55, 46, 33, 39, 39, 24]"
1596,62,"[73, 77, 81, 72, 80, 72, 72, 89, 72, 72, 60, 64, 61, 56, 67, 62, 60, 54, 56, 57, 55, 67, 62, 55]"
1168,457,"[73, 62, 68, 76, 74, 61, 77, 63, 55, 53, 43, 46, 41, 51, 51, 30, 37, 38, 38, 40, 35, 21, 18, 17]"
1602,48t,"[72, 75, 75, 69, 74, 76, 81, 61, 59, 51, 58, 53, 63, 50, 64, 63, 63, 72, 70, 82, 67, 62, 80, 62]"
1331,106,"[72, 60, 72, 75, 73, 54, 64, 73, 59, 57, 63, 53, 40, 50, 55, 43, 47, 49, 40, 46, 43, 50, 57, 36]"
1159,122,"[72, 62, 75, 56, 62, 64, 45, 44, 42, 48, 51, 44, 47, 45, 47, 44, 46, 42, 40, 34, 37, 45, 36, 31]"
1397,39b,"[71, 46, 39, 46, 45, 52, 49, 49, 45, 56, 62, 55, 50, 59, 41, 41, 62, 74, 81, 74, 66, 76, 74, 84]"
1615,81t,"[71, 61, 76, 87, 82, 70, 79, 69, 64, 69, 60, 59, 69, 71, 74, 90, 70, 70, 82, 66, 46, 48, 40, 42]"
1576,129,"[71, 68, 48, 57, 74, 70, 71, 78, 76, 80, 65, 67, 56, 76, 71, 76, 65, 63, 55, 58, 62, 59, 52, 58]"
839,272,"[71, 57, 50, 39, 44, 47, 40, 41, 30, 39, 42, 38, 37, 26, 32, 24, 27, 23, 26, 25, 21, 25, 16, 19]"
2380,68b,"[70, 82, 82, 82, 87, 114, 101, 106, 95, 94, 103, 107, 107, 124, 107, 108, 109, 96, 107, 110, 94, 107, 106, 82]"
1592,347,"[69, 87, 72, 96, 94, 93, 89, 90, 74, 78, 77, 59, 53, 54, 61, 58, 59, 62, 60, 55, 42, 49, 41, 20]"
1057,445,"[69, 67, 52, 54, 56, 50, 48, 49, 60, 42, 46, 50, 37, 35, 41, 41, 38, 35, 30, 31, 23, 26, 44, 33]"
1255,474,"[69, 66, 71, 79, 67, 61, 63, 51, 63, 63, 66, 45, 44, 48, 54, 54, 47, 47, 32, 35, 37, 43, 36, 14]"
1222,30b,"[68, 71, 67, 80, 53, 52, 53, 58, 62, 44, 66, 49, 50, 79, 55, 34, 31, 29, 26, 53, 30, 36, 34, 42]"
1364,117,"[68, 65, 74, 58, 64, 55, 60, 73, 45, 49, 65, 58, 50, 54, 47, 50, 56, 56, 58, 51, 59, 60, 47, 42]"
1544,354b,"[68, 73, 72, 63, 56, 56, 55, 64, 64, 58, 72, 69, 66, 56, 82, 70, 60, 64, 74, 76, 55, 61, 55, 55]"
1332,434,"[68, 62, 61, 42, 55, 48, 58, 40, 52, 61, 72, 47, 64, 47, 46, 52, 52, 48, 56, 63, 46, 65, 71, 56]"
1429,448b,"[68, 76, 66, 65, 66, 65, 46, 68, 59, 63, 66, 64, 66, 49, 70, 57, 60, 66, 58, 46, 44, 49, 50, 42]"
1507,532,"[68, 64, 68, 64, 49, 64, 67, 74, 71, 64, 64, 62, 64, 70, 87, 75, 61, 58, 70, 59, 48, 53, 46, 37]"
2076,143,"[67, 70, 74, 75, 66, 56, 80, 79, 76, 75, 93, 85, 88, 112, 111, 120, 109, 94, 87, 95, 111, 83, 90, 80]"
1411,200,"[67, 60, 54, 48, 56, 60, 50, 57, 67, 61, 59, 62, 51, 56, 71, 65, 62, 51, 62, 58, 53, 68, 57, 56]"
1525,87,"[66, 60, 73, 65, 72, 67, 64, 58, 50, 52, 59, 63, 77, 71, 76, 65, 58, 46, 62, 68, 66, 64, 63, 60]"
1033,212,"[66, 54, 63, 48, 51, 28, 39, 32, 30, 44, 37, 31, 34, 44, 47, 41, 42, 42, 35, 45, 52, 44, 40, 44]"
1035,481,"[65, 61, 57, 54, 70, 70, 70, 63, 55, 53, 42, 44, 46, 29, 36, 38, 32, 19, 30, 23, 21, 27, 20, 10]"
1693,66,"[64, 56, 55, 76, 79, 81, 93, 76, 101, 83, 76, 59, 74, 68, 73, 77, 66, 66, 67, 64, 61, 69, 50, 59]"
1460,128,"[64, 60, 58, 69, 68, 67, 67, 68, 76, 67, 70, 77, 73, 62, 48, 49, 49, 56, 53, 63, 51, 51, 52, 42]"
1573,189,"[64, 71, 61, 65, 74, 54, 66, 80, 78, 63, 59, 53, 70, 63, 58, 70, 66, 63, 65, 63, 62, 57, 76, 72]"
1804,225t,"[64, 82, 77, 72, 63, 70, 73, 77, 81, 66, 62, 67, 72, 79, 71, 89, 86, 83, 76, 85, 68, 95, 74, 72]"
1270,442,"[64, 59, 46, 48, 59, 65, 59, 69, 58, 60, 66, 55, 52, 60, 59, 63, 57, 51, 43, 38, 38, 35, 38, 28]"
1725,30t,"[62, 59, 61, 59, 68, 74, 69, 53, 57, 63, 80, 61, 69, 65, 84, 68, 74, 74, 92, 85, 72, 92, 91, 93]"
1239,56t,"[62, 65, 74, 60, 60, 62, 66, 48, 59, 51, 44, 60, 51, 46, 41, 43, 40, 43, 45, 40, 44, 43, 50, 42]"
1552,76b,"[62, 71, 73, 61, 72, 76, 71, 83, 82, 67, 73, 75, 64, 87, 69, 80, 58, 56, 53, 55, 48, 32, 43, 41]"
1419,373,"[62, 59, 56, 68, 59, 55, 58, 60, 55, 66, 67, 63, 56, 50, 58, 58, 51, 52, 56, 65, 49, 68, 67, 61]"
1432,35,"[61, 68, 60, 64, 63, 72, 73, 74, 58, 68, 61, 50, 42, 51, 65, 58, 68, 57, 38, 55, 52, 59, 64, 51]"
1337,452,"[61, 54, 55, 52, 55, 61, 62, 74, 67, 61, 57, 48, 51, 71, 61, 56, 45, 45, 47, 49, 49, 40, 60, 56]"
869,556,"[61, 49, 50, 52, 62, 62, 40, 45, 46, 44, 37, 36, 39, 31, 37, 22, 25, 24, 18, 14, 17, 21, 20, 17]"
986,38b,"[60, 49, 62, 53, 54, 53, 53, 54, 50, 55, 40, 49, 48, 36, 34, 32, 26, 31, 26, 23, 22, 29, 24, 23]"
1043,328,"[60, 45, 52, 50, 49, 50, 56, 57, 57, 58, 45, 49, 49, 49, 46, 32, 41, 36, 24, 27, 34, 27, 25, 25]"
1111,33b,"[59, 50, 50, 64, 58, 66, 66, 53, 59, 48, 51, 55, 41, 32, 42, 41, 31, 49, 46, 45, 25, 27, 28, 25]"
960,172,"[59, 53, 57, 47, 40, 42, 36, 34, 46, 35, 36, 35, 39, 33, 38, 39, 46, 38, 47, 34, 30, 30, 31, 35]"
1292,182,"[59, 66, 57, 73, 68, 75, 73, 70, 68, 69, 69, 55, 51, 45, 48, 38, 44, 50, 35, 33, 35, 29, 39, 43]"
1177,496,"[59, 51, 66, 62, 56, 53, 62, 62, 65, 46, 61, 53, 51, 62, 57, 66, 49, 42, 45, 37, 12, 13, 24, 23]"
777,187,"[58, 58, 50, 59, 50, 51, 40, 45, 48, 33, 22, 25, 27, 27, 20, 14, 23, 13, 18, 17, 14, 20, 20, 25]"
1163,421,"[57, 60, 65, 53, 59, 50, 45, 58, 58, 50, 53, 49, 43, 38, 43, 48, 36, 37, 50, 46, 48, 35, 40, 42]"
1241,565,"[57, 55, 45, 55, 50, 50, 50, 57, 52, 50, 61, 51, 64, 68, 72, 68, 58, 53, 47, 39, 34, 35, 30, 40]"
991,42,"[56, 48, 55, 46, 52, 54, 44, 35, 40, 34, 32, 41, 48, 47, 22, 39, 36, 34, 34, 55, 36, 42, 37, 24]"
1404,111b,"[56, 65, 64, 88, 87, 71, 59, 66, 70, 72, 66, 50, 47, 41, 45, 53, 45, 53, 44, 38, 51, 53, 62, 58]"
967,349,"[56, 54, 51, 43, 37, 42, 33, 48, 52, 46, 43, 49, 44, 40, 46, 35, 37, 40, 30, 32, 32, 30, 26, 21]"
1355,441,"[56, 45, 62, 62, 71, 54, 67, 67, 60, 50, 66, 52, 52, 40, 49, 54, 50, 52, 50, 61, 56, 55, 64, 60]"
882,456,"[56, 59, 51, 41, 51, 60, 67, 56, 64, 48, 42, 38, 31, 21, 26, 28, 21, 11, 17, 18, 25, 17, 18, 16]"
1141,551,"[56, 58, 48, 48, 61, 54, 67, 46, 48, 42, 48, 41, 43, 49, 51, 39, 39, 42, 48, 58, 38, 43, 40, 34]"
1103,56b,"[55, 62, 72, 57, 52, 55, 55, 55, 49, 54, 47, 64, 44, 36, 43, 28, 41, 36, 32, 43, 31, 32, 31, 29]"
1173,215,"[55, 61, 71, 51, 60, 66, 65, 47, 47, 54, 54, 54, 58, 46, 40, 45, 51, 41, 36, 43, 37, 36, 27, 28]"
1197,283,"[55, 56, 69, 50, 59, 64, 69, 71, 64, 66, 67, 45, 45, 47, 44, 40, 43, 30, 36, 40, 47, 39, 29, 22]"
1156,313t,"[55, 58, 47, 61, 58, 50, 54, 60, 55, 66, 41, 44, 46, 40, 48, 40, 51, 42, 39, 37, 40, 42, 48, 34]"
1473,73t,"[53, 52, 56, 47, 50, 53, 53, 52, 48, 47, 51, 55, 68, 63, 67, 66, 64, 66, 86, 80, 65, 93, 72, 66]"
1296,145t,"[53, 62, 44, 59, 55, 56, 58, 56, 55, 43, 61, 53, 49, 63, 45, 48, 54, 58, 65, 57, 50, 53, 62, 37]"
738,354t,"[53, 45, 48, 62, 45, 54, 55, 47, 54, 41, 35, 33, 17, 26, 14, 14, 16, 23, 6, 8, 7, 11, 16, 8]"
1024,388,"[53, 61, 50, 34, 36, 42, 33, 39, 42, 51, 46, 39, 37, 49, 47, 46, 37, 36, 28, 43, 55, 51, 37, 32]"
862,515,"[53, 50, 56, 55, 33, 32, 38, 41, 39, 37, 27, 32, 25, 37, 26, 33, 37, 46, 36, 43, 36, 23, 13, 14]"
977,535,"[53, 60, 64, 60, 47, 51, 52, 38, 35, 35, 42, 33, 47, 35, 42, 32, 36, 27, 30, 33, 42, 28, 31, 24]"
1531,100,"[52, 60, 50, 63, 54, 62, 47, 51, 48, 69, 66, 63, 77, 68, 70, 65, 66, 58, 55, 83, 66, 71, 81, 86]"
1045,273,"[52, 53, 49, 42, 55, 35, 43, 36, 44, 57, 40, 35, 40, 43, 54, 40, 57, 42, 32, 30, 50, 39, 40, 37]"
1252,350,"[52, 60, 60, 66, 60, 59, 58, 66, 87, 71, 60, 61, 57, 43, 47, 50, 55, 49, 35, 44, 41, 33, 16, 22]"
1178,224,"[51, 49, 53, 50, 52, 36, 49, 48, 53, 47, 47, 48, 59, 49, 67, 58, 64, 54, 46, 55, 36, 40, 32, 35]"
1149,288,"[51, 46, 56, 42, 52, 48, 52, 57, 51, 54, 51, 46, 59, 42, 42, 45, 48, 51, 41, 47, 54, 42, 38, 34]"
948,410t,"[51, 39, 38, 39, 30, 38, 40, 49, 48, 37, 45, 34, 34, 37, 38, 40, 30, 53, 41, 49, 38, 39, 31, 30]"
464,422,"[51, 44, 43, 33, 25, 24, 16, 23, 24, 23, 22, 17, 20, 5, 11, 10, 11, 6, 13, 7, 10, 7, 11, 8]"
910,58,"[50, 36, 42, 31, 42, 47, 36, 45, 49, 39, 37, 28, 38, 25, 25, 26, 39, 40, 45, 45, 29, 41, 37, 38]"
710,133,"[50, 53, 38, 38, 43, 30, 39, 34, 23, 29, 20, 32, 23, 24, 26, 25, 29, 23, 19, 28, 19, 19, 22, 24]"
726,105,"[49, 46, 54, 51, 63, 41, 55, 48, 46, 34, 40, 30, 24, 33, 19, 10, 14, 8, 10, 9, 12, 7, 13, 10]"
714,324,"[49, 34, 37, 21, 43, 46, 34, 43, 27, 24, 36, 29, 29, 21, 20, 18, 25, 23, 27, 28, 23, 35, 26, 16]"
1066,479,"[49, 49, 52, 42, 62, 51, 60, 51, 56, 54, 58, 45, 38, 46, 46, 53, 44, 43, 35, 26, 30, 27, 27, 22]"
520,70b,"[48, 45, 49, 35, 23, 29, 21, 28, 16, 25, 18, 16, 22, 18, 25, 16, 11, 12, 22, 19, 5, 8, 3, 6]"
725,162,"[48, 52, 50, 46, 39, 43, 41, 44, 39, 44, 37, 28, 36, 26, 26, 19, 27, 18, 6, 21, 12, 13, 3, 7]"
1690,222,"[48, 59, 66, 52, 59, 57, 59, 62, 68, 72, 80, 77, 72, 71, 80, 88, 83, 83, 66, 94, 88, 65, 67, 74]"
744,278t,"[48, 65, 81, 41, 45, 41, 40, 53, 35, 38, 36, 21, 19, 19, 21, 18, 20, 16, 16, 9, 12, 18, 23, 9]"
2101,358,"[48, 59, 62, 67, 75, 73, 91, 82, 82, 94, 90, 102, 102, 105, 104, 90, 104, 104, 94, 118, 95, 78, 89, 93]"
873,67,"[47, 55, 38, 52, 42, 41, 48, 47, 50, 50, 32, 32, 31, 33, 30, 32, 22, 22, 20, 24, 28, 25, 30, 42]"
998,163t,"[47, 38, 56, 41, 44, 61, 48, 44, 42, 54, 56, 42, 37, 40, 39, 36, 33, 35, 42, 35, 41, 33, 32, 22]"
959,229,"[47, 49, 45, 44, 53, 46, 57, 59, 59, 52, 56, 49, 37, 34, 41, 34, 33, 32, 28, 26, 16, 32, 12, 18]"
1532,46,"[46, 53, 59, 66, 70, 77, 73, 55, 76, 72, 59, 52, 59, 67, 74, 68, 67, 64, 64, 59, 58, 57, 69, 68]"
658,102,"[46, 38, 44, 41, 43, 46, 30, 43, 31, 22, 30, 26, 18, 20, 11, 23, 17, 16, 24, 15, 23, 26, 14, 11]"
1452,147t,"[46, 52, 40, 44, 51, 57, 46, 50, 53, 57, 66, 57, 65, 68, 72, 62, 72, 72, 72, 72, 66, 73, 78, 61]"
1183,294,"[46, 41, 45, 40, 41, 44, 51, 49, 45, 54, 37, 58, 51, 40, 57, 55, 62, 55, 49, 47, 49, 55, 58, 54]"
887,319,"[46, 45, 46, 46, 42, 45, 49, 35, 52, 40, 44, 42, 40, 43, 58, 39, 33, 19, 22, 23, 20, 15, 20, 23]"
848,339,"[46, 30, 48, 43, 54, 49, 50, 32, 29, 32, 37, 46, 44, 34, 41, 20, 38, 18, 28, 28, 19, 34, 19, 29]"
609,399b,"[46, 46, 43, 42, 38, 29, 28, 19, 24, 27, 22, 23, 24, 15, 23, 22, 13, 9, 16, 13, 23, 22, 17, 25]"
627,492,"[46, 44, 47, 45, 39, 46, 36, 48, 26, 42, 36, 20, 9, 15, 16, 11, 17, 14, 6, 17, 9, 18, 15, 5]"
451,505,"[46, 45, 40, 36, 41, 37, 32, 26, 23, 23, 16, 11, 10, 9, 13, 8, 7, 8, 8, 3, 3, 2, 3, 1]"
1000,512,"[46, 47, 42, 57, 49, 41, 46, 40, 44, 51, 61, 51, 34, 31, 36, 36, 37, 39, 38, 27, 36, 37, 40, 34]"
540,522,"[46, 40, 31, 47, 32, 41, 23, 27, 44, 34, 30, 30, 14, 20, 6, 7, 11, 13, 8, 5, 12, 8, 6, 5]"
1075,176b,"[45, 51, 51, 56, 61, 49, 55, 60, 63, 64, 56, 56, 38, 28, 22, 27, 30, 29, 27, 39, 40, 44, 37, 47]"
820,314,"[45, 46, 48, 37, 40, 37, 46, 24, 30, 30, 40, 35, 26, 24, 33, 34, 33, 29, 34, 35, 33, 24, 31, 26]"
846,377,"[45, 56, 67, 47, 47, 51, 57, 48, 57, 36, 35, 33, 43, 26, 28, 24, 19, 16, 17, 19, 21, 18, 22, 14]"
920,501,"[45, 55, 39, 43, 43, 34, 40, 62, 59, 53, 29, 38, 35, 40, 30, 32, 29, 25, 35, 26, 28, 34, 35, 31]"
994,34t,"[43, 40, 43, 40, 37, 50, 51, 44, 44, 37, 45, 39, 45, 40, 32, 38, 40, 46, 47, 41, 37, 40, 41, 34]"
690,77b,"[43, 42, 35, 42, 37, 24, 29, 45, 32, 36, 28, 31, 17, 24, 27, 20, 22, 23, 22, 34, 20, 25, 14, 18]"
875,362,"[43, 36, 50, 35, 29, 37, 50, 37, 40, 38, 39, 38, 44, 43, 45, 43, 40, 36, 28, 28, 33, 29, 20, 14]"
362,227,"[42, 31, 30, 28, 39, 32, 24, 25, 28, 13, 15, 10, 5, 5, 4, 7, 6, 2, 2, 2, 2, 3, 4, 3]"
1187,317,"[42, 33, 37, 33, 52, 50, 57, 44, 43, 40, 48, 43, 50, 52, 47, 54, 58, 65, 56, 68, 57, 50, 49, 59]"
892,120,"[41, 53, 33, 33, 28, 43, 40, 43, 37, 36, 32, 35, 37, 38, 42, 42, 35, 43, 40, 31, 36, 35, 33, 26]"
378,121,"[41, 22, 25, 20, 19, 18, 15, 29, 27, 22, 13, 11, 5, 9, 17, 13, 12, 11, 5, 11, 9, 10, 10, 4]"
468,191,"[41, 25, 23, 26, 27, 21, 28, 22, 19, 16, 29, 22, 18, 18, 12, 21, 10, 11, 12, 10, 15, 16, 15, 11]"
561,419,"[41, 48, 26, 38, 24, 27, 31, 19, 17, 31, 31, 18, 24, 21, 18, 17, 22, 21, 15, 12, 18, 10, 15, 17]"
396,548,"[41, 53, 36, 37, 24, 18, 20, 16, 15, 15, 9, 4, 5, 9, 9, 12, 4, 9, 13, 9, 12, 14, 4, 8]"
481,38t,"[40, 24, 24, 29, 42, 27, 27, 24, 24, 26, 26, 17, 21, 13, 17, 19, 10, 12, 12, 10, 12, 8, 12, 5]"
1450,61,"[40, 54, 61, 54, 45, 54, 56, 46, 52, 55, 73, 76, 71, 63, 71, 65, 59, 52, 80, 66, 53, 67, 65, 72]"
342,214,"[40, 28, 26, 17, 15, 18, 13, 18, 19, 19, 26, 10, 17, 9, 11, 11, 6, 0, 7, 8, 5, 7, 8, 4]"
910,285t,"[40, 41, 34, 29, 32, 42, 46, 33, 42, 46, 24, 33, 32, 27, 25, 43, 47, 49, 48, 38, 42, 38, 46, 33]"
817,378b,"[40, 32, 26, 40, 40, 29, 39, 30, 33, 27, 30, 38, 28, 24, 26, 29, 26, 48, 44, 47, 35, 36, 31, 39]"
869,426t,"[40, 43, 41, 32, 29, 23, 19, 26, 13, 21, 31, 22, 26, 26, 37, 30, 50, 51, 53, 49, 56, 53, 58, 40]"
879,426b,"[40, 57, 46, 56, 38, 41, 44, 51, 44, 49, 33, 47, 41, 39, 35, 43, 37, 30, 22, 20, 12, 12, 18, 24]"
977,498,"[40, 40, 36, 44, 41, 44, 42, 38, 42, 39, 39, 42, 44, 51, 43, 40, 27, 42, 38, 42, 41, 41, 45, 36]"
654,123t,"[39, 30, 22, 17, 18, 17, 10, 12, 23, 23, 14, 20, 15, 25, 28, 25, 21, 29, 35, 46, 41, 50, 52, 42]"
1610,145b,"[39, 38, 38, 41, 59, 57, 58, 61, 56, 59, 62, 81, 74, 86, 83, 77, 71, 91, 83, 68, 85, 77, 84, 82]"
771,391,"[39, 43, 31, 36, 48, 35, 47, 44, 37, 39, 34, 30, 38, 26, 19, 19, 22, 24, 43, 31, 23, 20, 27, 16]"
679,477,"[39, 46, 45, 45, 35, 42, 37, 24, 33, 22, 18, 28, 31, 38, 34, 30, 26, 27, 18, 18, 8, 12, 7, 16]"
1275,75,"[38, 40, 50, 39, 54, 39, 47, 35, 49, 42, 59, 61, 47, 54, 56, 65, 59, 67, 64, 58, 66, 55, 64, 67]"
935,179,"[38, 35, 30, 32, 31, 40, 46, 49, 46, 42, 47, 38, 49, 42, 37, 32, 33, 39, 51, 46, 38, 35, 34, 25]"
645,336,"[38, 44, 37, 28, 29, 21, 20, 22, 26, 22, 28, 25, 37, 24, 25, 28, 34, 21, 25, 28, 17, 21, 22, 23]"
637,365,"[38, 30, 39, 33, 25, 33, 39, 44, 38, 37, 34, 24, 28, 27, 17, 13, 17, 22, 21, 12, 20, 18, 14, 14]"
1201,497,"[38, 37, 45, 53, 52, 52, 55, 57, 44, 39, 47, 53, 51, 45, 54, 56, 57, 49, 47, 53, 54, 58, 55, 50]"
383,527,"[38, 48, 28, 33, 38, 24, 28, 22, 23, 26, 25, 12, 10, 3, 4, 3, 4, 1, 1, 3, 5, 1, 1, 2]"
994,127,"[37, 27, 44, 26, 28, 34, 35, 41, 37, 48, 41, 35, 44, 43, 36, 38, 45, 45, 48, 55, 51, 51, 58, 47]"
550,234,"[37, 27, 22, 28, 29, 22, 27, 14, 20, 27, 21, 20, 21, 17, 17, 22, 20, 23, 30, 17, 25, 21, 17, 26]"
1123,290,"[37, 31, 40, 32, 37, 39, 26, 37, 40, 35, 31, 40, 39, 49, 55, 67, 53, 53, 64, 75, 63, 60, 63, 57]"
441,315,"[37, 30, 29, 33, 36, 32, 28, 21, 21, 20, 21, 16, 15, 12, 12, 16, 7, 9, 13, 9, 9, 5, 7, 3]"
954,327,"[37, 45, 44, 38, 44, 38, 40, 43, 39, 48, 45, 42, 44, 36, 42, 41, 37, 32, 34, 36, 36, 38, 33, 42]"
1358,348b,"[37, 58, 50, 38, 36, 59, 41, 44, 48, 52, 68, 65, 53, 58, 70, 66, 81, 64, 63, 63, 56, 63, 67, 58]"
324,534,"[37, 33, 33, 27, 26, 17, 18, 24, 28, 25, 18, 7, 7, 3, 2, 2, 3, 5, 2, 2, 1, 0, 2, 2]"
694,53,"[36, 35, 42, 33, 30, 34, 24, 34, 27, 30, 33, 37, 28, 27, 32, 17, 25, 27, 21, 33, 20, 23, 30, 16]"
826,176t,"[36, 43, 36, 52, 41, 34, 38, 40, 39, 38, 33, 31, 31, 37, 32, 34, 27, 26, 28, 30, 31, 31, 36, 22]"
427,302,"[36, 29, 29, 17, 22, 12, 22, 18, 17, 24, 24, 19, 23, 13, 18, 18, 13, 15, 10, 15, 22, 7, 4, 0]"
600,428,"[36, 40, 40, 30, 42, 34, 34, 21, 25, 40, 25, 29, 26, 16, 22, 19, 19, 13, 12, 14, 12, 13, 18, 20]"
812,114,"[35, 54, 39, 35, 40, 41, 50, 41, 46, 41, 30, 36, 24, 24, 31, 31, 33, 23, 26, 27, 29, 32, 20, 24]"
460,150,"[35, 24, 34, 21, 27, 11, 20, 25, 34, 25, 16, 29, 23, 21, 18, 13, 17, 11, 10, 16, 10, 6, 8, 6]"
554,267,"[35, 32, 38, 28, 29, 29, 32, 33, 26, 22, 26, 18, 19, 17, 13, 16, 18, 23, 19, 19, 16, 18, 15, 13]"
641,332,"[35, 27, 33, 30, 31, 31, 24, 26, 20, 21, 27, 32, 22, 28, 30, 34, 19, 22, 21, 25, 20, 29, 26, 28]"
581,418,"[35, 18, 31, 30, 23, 30, 27, 19, 33, 32, 25, 18, 29, 21, 17, 27, 30, 21, 20, 21, 21, 15, 23, 15]"
557,485,"[35, 35, 34, 36, 34, 35, 34, 33, 26, 25, 30, 26, 26, 14, 17, 18, 7, 11, 10, 12, 11, 6, 19, 23]"
477,489,"[35, 30, 16, 27, 24, 21, 18, 17, 21, 10, 10, 17, 16, 23, 27, 16, 21, 22, 23, 14, 21, 24, 12, 12]"
852,31b,"[34, 41, 24, 32, 37, 27, 39, 42, 34, 25, 48, 27, 27, 40, 34, 33, 34, 28, 42, 46, 35, 38, 40, 45]"
741,110,"[34, 33, 38, 26, 36, 27, 24, 28, 35, 37, 36, 31, 31, 18, 35, 31, 29, 33, 34, 24, 31, 26, 33, 31]"
423,181,"[34, 45, 41, 18, 19, 19, 25, 25, 19, 19, 14, 14, 17, 8, 16, 15, 12, 10, 11, 6, 11, 10, 10, 5]"
708,201,"[34, 33, 41, 32, 32, 33, 34, 36, 34, 26, 27, 26, 26, 34, 33, 33, 27, 27, 29, 25, 31, 19, 17, 19]"
482,271t,"[34, 26, 27, 23, 24, 24, 26, 30, 27, 32, 24, 18, 20, 7, 15, 15, 18, 12, 16, 13, 16, 11, 8, 16]"
576,287,"[34, 25, 35, 30, 17, 25, 32, 22, 36, 32, 30, 23, 21, 21, 23, 22, 13, 20, 14, 21, 19, 21, 19, 21]"
973,297,"[34, 28, 41, 37, 39, 38, 39, 44, 47, 33, 36, 37, 51, 49, 47, 52, 42, 43, 39, 39, 34, 49, 39, 36]"
474,396,"[34, 27, 43, 36, 30, 18, 22, 19, 32, 21, 23, 20, 20, 11, 11, 11, 13, 11, 9, 9, 12, 13, 15, 14]"
298,447,"[34, 16, 26, 27, 23, 17, 28, 25, 12, 8, 12, 8, 9, 3, 12, 6, 3, 2, 3, 2, 6, 7, 4, 5]"
355,506,"[34, 26, 34, 35, 26, 21, 23, 19, 22, 28, 16, 13, 2, 7, 5, 10, 4, 3, 7, 3, 4, 9, 3, 1]"
432,28t,"[33, 22, 28, 26, 23, 13, 18, 25, 24, 22, 20, 17, 21, 10, 17, 23, 19, 19, 14, 12, 8, 10, 6, 2]"
559,71,"[33, 32, 36, 36, 34, 24, 32, 25, 23, 19, 13, 20, 19, 32, 29, 21, 26, 20, 15, 14, 18, 12, 15, 11]"
862,97,"[33, 29, 24, 39, 39, 38, 34, 33, 36, 54, 49, 44, 36, 33, 28, 34, 29, 33, 43, 29, 32, 37, 39, 37]"
788,124,"[33, 26, 20, 24, 30, 24, 24, 32, 36, 26, 29, 48, 67, 53, 39, 38, 37, 33, 37, 36, 16, 20, 32, 28]"
579,131b,"[33, 44, 39, 39, 51, 39, 36, 29, 30, 30, 25, 18, 17, 18, 11, 17, 17, 22, 15, 14, 5, 7, 16, 7]"
577,157,"[33, 28, 34, 31, 38, 33, 37, 33, 38, 33, 28, 22, 24, 29, 16, 23, 20, 14, 14, 7, 8, 13, 13, 8]"
533,345b,"[33, 30, 28, 27, 31, 18, 25, 18, 17, 21, 20, 15, 27, 23, 20, 29, 22, 20, 21, 22, 15, 18, 12, 21]"
632,371,"[33, 22, 24, 33, 15, 31, 31, 35, 24, 31, 26, 26, 27, 12, 18, 29, 24, 20, 23, 23, 28, 35, 31, 31]"
694,392,"[33, 45, 38, 31, 29, 38, 37, 45, 50, 37, 29, 29, 27, 20, 32, 23, 28, 13, 17, 26, 17, 14, 23, 13]"
561,432,"[33, 37, 42, 43, 33, 33, 37, 28, 27, 29, 33, 23, 7, 19, 13, 14, 8, 16, 14, 11, 22, 18, 7, 14]"
566,507,"[33, 17, 27, 28, 33, 34, 42, 48, 33, 37, 32, 27, 13, 17, 15, 17, 22, 18, 16, 12, 11, 12, 14, 8]"
725,540,"[33, 38, 44, 49, 40, 34, 44, 44, 46, 51, 42, 42, 36, 22, 28, 20, 19, 21, 14, 19, 23, 14, 2, 0]"
912,28b,"[32, 33, 36, 29, 42, 22, 32, 35, 38, 38, 46, 23, 28, 35, 44, 38, 30, 47, 47, 47, 44, 58, 53, 35]"
1032,74b,"[32, 32, 45, 38, 35, 42, 36, 52, 52, 50, 40, 41, 49, 44, 36, 43, 43, 43, 51, 61, 49, 29, 41, 48]"
646,138t,"[32, 36, 36, 36, 33, 48, 35, 26, 25, 38, 32, 21, 25, 24, 19, 24, 23, 17, 20, 29, 27, 17, 12, 11]"
993,144,"[32, 42, 40, 30, 36, 41, 46, 40, 28, 33, 39, 43, 28, 46, 44, 46, 42, 47, 58, 60, 46, 49, 39, 38]"
923,378t,"[32, 29, 33, 28, 47, 72, 51, 48, 51, 44, 49, 49, 47, 45, 39, 36, 31, 27, 22, 27, 34, 29, 25, 28]"
415,446,"[32, 33, 29, 23, 24, 19, 11, 19, 19, 20, 19, 14, 11, 13, 11, 21, 19, 11, 12, 16, 9, 11, 8, 11]"
517,549,"[32, 43, 27, 24, 27, 46, 43, 40, 41, 38, 27, 16, 15, 18, 12, 12, 8, 7, 8, 4, 6, 7, 10, 6]"
757,108b,"[31, 28, 42, 47, 42, 31, 37, 29, 48, 40, 35, 22, 30, 23, 28, 26, 24, 17, 18, 24, 28, 32, 50, 25]"
417,113,"[31, 24, 28, 28, 23, 20, 19, 22, 26, 24, 21, 23, 12, 9, 7, 14, 8, 10, 14, 6, 8, 17, 12, 11]"
461,204,"[31, 27, 18, 28, 38, 26, 18, 22, 16, 12, 22, 15, 14, 10, 19, 13, 13, 18, 11, 19, 19, 16, 15, 21]"
911,218,"[31, 35, 32, 31, 29, 36, 50, 44, 36, 37, 40, 41, 40, 35, 42, 45, 40, 29, 34, 33, 43, 34, 51, 43]"
661,306,"[31, 27, 35, 35, 30, 22, 28, 29, 28, 30, 30, 21, 28, 26, 21, 20, 24, 30, 24, 26, 28, 31, 31, 26]"
529,400,"[31, 23, 36, 25, 28, 31, 24, 25, 18, 27, 24, 26, 32, 21, 17, 20, 17, 8, 12, 15, 14, 15, 23, 17]"
602,523,"[31, 27, 25, 33, 27, 26, 22, 23, 25, 19, 20, 19, 12, 22, 19, 27, 40, 29, 25, 22, 28, 29, 29, 23]"
422,567,"[31, 35, 18, 22, 17, 17, 21, 24, 19, 15, 20, 10, 22, 9, 8, 23, 20, 15, 14, 16, 11, 13, 8, 14]"
804,85,"[30, 32, 35, 32, 39, 41, 32, 30, 38, 28, 45, 29, 16, 40, 25, 30, 29, 39, 38, 35, 33, 32, 30, 46]"
478,95,"[30, 28, 26, 26, 36, 27, 26, 21, 20, 18, 22, 22, 12, 13, 11, 11, 20, 19, 18, 29, 11, 10, 14, 8]"
892,235,"[30, 38, 29, 37, 45, 40, 38, 33, 46, 48, 58, 36, 37, 33, 46, 46, 35, 33, 45, 27, 27, 26, 24, 35]"
664,280,"[30, 35, 41, 31, 45, 29, 26, 39, 33, 25, 39, 19, 31, 22, 25, 23, 27, 17, 19, 26, 22, 23, 18, 19]"
901,284,"[30, 43, 54, 47, 51, 51, 45, 34, 30, 22, 30, 36, 30, 37, 44, 46, 51, 41, 39, 32, 31, 26, 20, 31]"
341,330b,"[30, 28, 27, 18, 22, 22, 17, 15, 22, 20, 18, 14, 9, 13, 7, 15, 8, 8, 6, 3, 6, 3, 5, 5]"
295,348t,"[30, 24, 24, 24, 21, 21, 23, 15, 15, 12, 10, 3, 9, 3, 5, 3, 12, 7, 5, 5, 7, 4, 9, 4]"
413,368,"[30, 13, 16, 23, 12, 16, 19, 18, 17, 17, 16, 19, 15, 19, 20, 16, 16, 12, 13, 19, 21, 16, 19, 11]"
380,444,"[30, 33, 36, 21, 30, 28, 20, 20, 19, 14, 25, 13, 9, 8, 7, 3, 7, 7, 10, 12, 6, 6, 9, 7]"
385,550,"[30, 14, 20, 30, 27, 21, 27, 32, 24, 28, 30, 18, 11, 11, 4, 9, 6, 7, 3, 7, 8, 9, 5, 4]"
307,32b,"[29, 21, 24, 16, 19, 9, 17, 8, 14, 12, 5, 11, 10, 12, 5, 10, 10, 21, 6, 6, 11, 13, 11, 7]"
571,57,"[29, 30, 32, 25, 24, 16, 22, 18, 15, 21, 20, 16, 21, 19, 20, 20, 27, 15, 24, 28, 35, 33, 30, 31]"
1343,137,"[29, 32, 37, 31, 36, 30, 49, 30, 40, 43, 51, 66, 55, 50, 56, 56, 64, 64, 83, 89, 86, 79, 97, 90]"
492,141,"[29, 17, 21, 20, 27, 14, 20, 26, 21, 20, 17, 23, 27, 23, 19, 21, 14, 18, 20, 18, 16, 22, 17, 22]"
755,220,"[29, 24, 29, 25, 22, 29, 27, 36, 30, 36, 34, 21, 27, 35, 33, 37, 32, 28, 38, 31, 42, 36, 34, 40]"
747,298,"[29, 27, 33, 30, 38, 32, 32, 38, 31, 26, 28, 32, 18, 25, 23, 18, 26, 43, 33, 38, 28, 36, 39, 44]"
498,304,"[29, 37, 23, 16, 29, 16, 21, 22, 21, 27, 31, 20, 22, 20, 13, 12, 18, 17, 17, 15, 17, 20, 23, 12]"
541,530,"[29, 34, 20, 28, 25, 23, 30, 30, 24, 19, 24, 28, 26, 19, 17, 31, 21, 14, 6, 12, 12, 27, 20, 22]"
514,91,"[28, 21, 27, 20, 30, 25, 22, 22, 26, 21, 14, 23, 19, 16, 22, 21, 11, 17, 20, 20, 19, 24, 22, 24]"
477,166,"[28, 33, 24, 28, 35, 30, 18, 20, 16, 8, 14, 16, 7, 13, 22, 18, 23, 15, 20, 24, 16, 14, 18, 17]"
289,197,"[28, 33, 23, 19, 15, 18, 11, 20, 12, 16, 10, 8, 13, 11, 11, 11, 4, 3, 5, 3, 4, 2, 3, 6]"
287,230,"[28, 25, 21, 17, 20, 21, 25, 22, 18, 14, 12, 13, 7, 14, 3, 4, 3, 6, 3, 1, 3, 3, 1, 3]"
443,338,"[28, 25, 19, 25, 25, 24, 13, 16, 13, 20, 19, 18, 15, 24, 15, 17, 12, 13, 19, 12, 18, 28, 11, 14]"
365,560,"[28, 27, 29, 30, 30, 15, 16, 22, 17, 13, 23, 14, 15, 12, 12, 10, 7, 7, 3, 7, 7, 8, 6, 7]"
895,566,"[28, 32, 50, 32, 31, 36, 38, 38, 24, 30, 35, 26, 41, 43, 51, 59, 51, 37, 32, 41, 34, 37, 35, 34]"
392,29b,"[27, 33, 25, 19, 28, 19, 14, 20, 16, 15, 18, 20, 21, 13, 14, 9, 11, 7, 11, 8, 11, 10, 7, 16]"
621,52t,"[27, 41, 34, 30, 37, 27, 34, 36, 28, 29, 26, 24, 34, 28, 27, 30, 31, 12, 12, 20, 14, 10, 18, 12]"
841,64,"[27, 27, 42, 44, 35, 34, 40, 38, 37, 33, 41, 23, 34, 32, 25, 33, 35, 28, 38, 32, 36, 37, 42, 48]"
426,70t,"[27, 25, 31, 24, 24, 28, 19, 23, 24, 14, 19, 16, 9, 26, 17, 21, 18, 16, 10, 4, 8, 10, 10, 3]"
409,83t,"[27, 24, 19, 21, 17, 18, 15, 21, 11, 13, 7, 8, 15, 9, 10, 16, 18, 25, 18, 18, 17, 19, 21, 22]"
1070,108t,"[27, 22, 29, 34, 52, 46, 52, 50, 33, 39, 34, 50, 59, 46, 55, 53, 45, 49, 36, 58, 39, 52, 57, 53]"
281,125,"[27, 17, 16, 16, 19, 7, 13, 18, 8, 15, 7, 11, 14, 14, 10, 11, 9, 7, 9, 10, 9, 6, 8, 0]"
511,334,"[27, 28, 24, 19, 28, 13, 20, 21, 15, 19, 23, 32, 29, 27, 21, 25, 20, 16, 15, 18, 18, 20, 18, 15]"
686,385b,"[27, 24, 30, 18, 29, 18, 39, 27, 30, 32, 33, 28, 33, 43, 45, 29, 29, 19, 19, 19, 18, 34, 27, 36]"
786,389,"[27, 36, 30, 28, 28, 36, 51, 39, 48, 37, 39, 32, 28, 27, 25, 24, 25, 26, 27, 33, 22, 29, 36, 53]"
566,473,"[27, 35, 30, 30, 31, 29, 33, 27, 30, 32, 27, 19, 37, 34, 29, 23, 17, 16, 26, 17, 5, 7, 3, 2]"
730,499,"[27, 27, 29, 37, 34, 27, 31, 33, 27, 25, 37, 18, 31, 37, 36, 58, 32, 31, 21, 25, 29, 28, 25, 25]"
420,126,"[26, 20, 26, 20, 19, 18, 14, 8, 17, 15, 9, 13, 12, 16, 14, 16, 11, 10, 14, 18, 30, 24, 26, 24]"
400,207,"[26, 21, 23, 27, 21, 21, 17, 23, 13, 21, 13, 17, 13, 15, 11, 11, 9, 16, 13, 13, 18, 14, 11, 13]"
438,213t,"[26, 32, 27, 23, 21, 32, 25, 18, 23, 27, 13, 6, 11, 13, 12, 22, 14, 11, 12, 9, 17, 9, 15, 20]"
371,309,"[26, 23, 33, 22, 21, 21, 18, 19, 20, 25, 32, 24, 27, 9, 13, 6, 4, 2, 6, 3, 2, 4, 5, 6]"
350,312t,"[26, 25, 27, 21, 20, 12, 25, 18, 16, 15, 13, 13, 13, 21, 8, 13, 12, 8, 19, 7, 9, 2, 1, 6]"
486,352,"[26, 11, 24, 24, 32, 21, 20, 24, 24, 14, 21, 17, 21, 27, 24, 15, 22, 18, 19, 16, 11, 18, 15, 22]"
322,296,"[25, 27, 25, 21, 26, 15, 7, 13, 15, 11, 8, 12, 14, 9, 7, 12, 8, 3, 7, 7, 17, 12, 12, 9]"
369,333,"[25, 13, 16, 19, 10, 17, 17, 14, 21, 18, 14, 7, 29, 14, 16, 14, 21, 14, 17, 10, 12, 12, 7, 12]"
302,351,"[25, 21, 26, 22, 24, 21, 12, 19, 12, 8, 16, 13, 12, 11, 12, 9, 3, 6, 4, 5, 8, 5, 4, 4]"
237,353,"[25, 36, 17, 9, 13, 16, 12, 12, 8, 12, 10, 9, 8, 6, 14, 6, 8, 6, 1, 4, 2, 1, 1, 1]"
695,361,"[25, 39, 40, 24, 27, 27, 33, 35, 29, 36, 30, 23, 24, 36, 24, 28, 31, 20, 30, 28, 37, 30, 18, 21]"
448,369,"[25, 19, 19, 20, 26, 19, 18, 13, 14, 14, 15, 9, 12, 19, 16, 20, 22, 12, 23, 30, 17, 23, 23, 20]"
568,376,"[25, 28, 30, 20, 30, 30, 41, 30, 34, 20, 24, 25, 20, 24, 19, 19, 20, 20, 22, 21, 14, 13, 25, 14]"
371,48b,"[24, 22, 21, 19, 24, 17, 16, 19, 11, 21, 13, 3, 11, 9, 7, 11, 8, 19, 17, 10, 15, 13, 23, 18]"
552,119,"[24, 22, 22, 18, 14, 12, 14, 14, 15, 13, 15, 19, 21, 17, 28, 30, 29, 28, 35, 33, 30, 35, 36, 28]"
531,138b,"[24, 27, 28, 21, 20, 29, 24, 20, 35, 23, 22, 15, 17, 22, 11, 22, 30, 19, 28, 23, 28, 15, 15, 13]"
297,154,"[24, 24, 25, 23, 10, 14, 9, 12, 15, 8, 9, 4, 11, 11, 12, 13, 7, 8, 14, 6, 12, 14, 4, 8]"
716,303,"[24, 27, 23, 30, 47, 44, 30, 28, 27, 24, 22, 24, 31, 39, 33, 28, 31, 32, 26, 33, 28, 23, 29, 33]"
416,345t,"[24, 19, 16, 18, 18, 10, 8, 15, 14, 16, 17, 18, 19, 19, 21, 19, 10, 11, 14, 11, 16, 26, 27, 30]"
299,375,"[24, 16, 26, 20, 15, 9, 20, 14, 15, 9, 17, 17, 12, 8, 9, 10, 21, 5, 3, 2, 5, 10, 7, 5]"
589,408,"[24, 24, 28, 20, 24, 19, 32, 24, 22, 21, 25, 18, 18, 30, 29, 29, 30, 24, 23, 29, 35, 18, 22, 21]"
378,439,"[24, 24, 26, 25, 22, 29, 28, 32, 29, 21, 18, 14, 13, 9, 4, 7, 4, 7, 4, 11, 8, 11, 6, 2]"
419,538,"[24, 30, 22, 20, 23, 22, 24, 26, 25, 23, 21, 16, 18, 17, 16, 17, 13, 14, 10, 12, 15, 5, 3, 3]"
235,26,"[23, 14, 19, 15, 16, 16, 18, 11, 13, 6, 15, 8, 6, 10, 5, 6, 3, 8, 4, 4, 5, 1, 5, 4]"
242,36t,"[23, 16, 16, 21, 15, 10, 16, 13, 11, 11, 12, 8, 5, 4, 7, 5, 9, 8, 7, 6, 4, 2, 4, 9]"
849,73b,"[23, 32, 31, 31, 29, 25, 24, 29, 36, 19, 35, 32, 47, 42, 30, 52, 39, 31, 35, 47, 43, 43, 48, 46]"
320,74t,"[23, 25, 29, 27, 15, 10, 9, 9, 9, 14, 13, 13, 7, 16, 7, 7, 6, 17, 10, 10, 11, 8, 10, 15]"
392,88t,"[23, 13, 23, 19, 19, 11, 18, 14, 10, 19, 17, 15, 11, 15, 25, 25, 25, 18, 19, 16, 9, 14, 9, 5]"
502,135,"[23, 29, 27, 23, 29, 25, 23, 18, 18, 22, 19, 24, 17, 28, 34, 26, 15, 15, 19, 16, 13, 12, 14, 13]"
441,153,"[23, 24, 33, 16, 21, 22, 19, 25, 15, 12, 10, 13, 14, 7, 15, 28, 14, 16, 12, 19, 27, 21, 20, 15]"
678,278b,"[23, 23, 35, 16, 27, 26, 25, 24, 20, 28, 30, 26, 15, 30, 30, 34, 31, 41, 41, 33, 30, 35, 27, 28]"
380,323t,"[23, 23, 25, 19, 19, 26, 23, 33, 27, 24, 25, 20, 18, 11, 14, 11, 8, 7, 3, 6, 6, 2, 3, 4]"
374,326,"[23, 21, 25, 20, 26, 26, 19, 22, 11, 8, 12, 12, 15, 11, 7, 12, 14, 13, 10, 15, 16, 15, 8, 13]"
539,380,"[23, 25, 20, 24, 23, 25, 34, 34, 34, 20, 26, 27, 25, 26, 21, 16, 11, 17, 16, 24, 17, 18, 21, 12]"
418,390,"[23, 20, 16, 14, 17, 18, 13, 17, 21, 14, 19, 16, 16, 17, 16, 15, 16, 26, 19, 26, 18, 15, 15, 11]"
554,401,"[23, 13, 15, 23, 15, 16, 23, 15, 44, 39, 45, 37, 26, 39, 32, 20, 16, 24, 16, 22, 10, 13, 14, 14]"
1101,490,"[23, 21, 31, 31, 43, 40, 38, 40, 45, 37, 44, 57, 69, 69, 65, 78, 52, 43, 47, 46, 41, 47, 43, 51]"
662,43,"[22, 28, 28, 31, 31, 27, 35, 28, 20, 31, 32, 29, 37, 39, 36, 26, 22, 27, 24, 22, 20, 17, 19, 31]"
597,111t,"[22, 22, 23, 38, 18, 14, 24, 17, 26, 22, 21, 24, 35, 20, 28, 23, 33, 34, 32, 31, 24, 28, 21, 17]"
402,147b,"[22, 16, 11, 19, 15, 22, 13, 19, 11, 12, 15, 11, 15, 10, 16, 14, 15, 23, 17, 28, 21, 24, 14, 19]"
425,151,"[22, 24, 23, 25, 18, 15, 9, 13, 20, 25, 29, 22, 22, 15, 26, 15, 16, 16, 12, 10, 13, 16, 6, 13]"
461,177,"[22, 18, 33, 22, 17, 20, 20, 25, 21, 31, 23, 18, 21, 23, 18, 17, 17, 12, 17, 14, 13, 14, 11, 14]"
521,406,"[22, 36, 46, 22, 33, 29, 30, 24, 13, 23, 18, 16, 25, 15, 14, 25, 22, 15, 11, 16, 15, 15, 18, 18]"
309,486,"[22, 25, 25, 26, 20, 16, 18, 21, 16, 18, 14, 16, 12, 7, 7, 14, 11, 6, 2, 3, 4, 0, 5, 1]"
354,495,"[22, 19, 20, 19, 16, 9, 11, 9, 12, 14, 2, 16, 18, 25, 16, 12, 17, 13, 8, 14, 17, 16, 16, 13]"
252,69t,"[21, 16, 15, 14, 18, 18, 20, 7, 6, 9, 6, 4, 8, 7, 5, 4, 8, 8, 9, 5, 8, 11, 10, 15]"
364,101b,"[21, 16, 29, 29, 21, 13, 16, 23, 18, 20, 15, 21, 9, 18, 11, 8, 25, 12, 10, 9, 6, 10, 1, 3]"
485,180,"[21, 26, 26, 32, 32, 19, 27, 18, 29, 16, 23, 25, 17, 16, 16, 21, 16, 15, 18, 17, 8, 16, 14, 17]"
495,254,"[21, 16, 25, 24, 25, 19, 26, 27, 23, 30, 23, 15, 19, 19, 24, 16, 25, 14, 18, 19, 17, 24, 17, 9]"
238,320,"[21, 16, 16, 20, 17, 14, 17, 13, 14, 12, 11, 8, 7, 7, 3, 7, 5, 1, 7, 7, 4, 2, 5, 4]"
557,341,"[21, 19, 27, 22, 31, 31, 29, 42, 23, 16, 27, 27, 24, 18, 23, 20, 26, 15, 15, 16, 26, 18, 19, 22]"
310,372,"[21, 30, 22, 23, 21, 17, 13, 17, 14, 11, 13, 14, 15, 7, 9, 8, 1, 5, 7, 7, 5, 11, 11, 8]"
343,573,"[21, 23, 23, 20, 19, 23, 23, 23, 24, 13, 16, 10, 15, 13, 12, 9, 12, 12, 9, 7, 3, 2, 7, 4]"
360,131t,"[20, 19, 25, 32, 18, 21, 28, 11, 25, 25, 13, 16, 8, 15, 20, 4, 7, 16, 7, 4, 3, 8, 7, 8]"
374,170,"[20, 24, 28, 24, 13, 23, 17, 18, 19, 13, 12, 14, 12, 16, 17, 14, 21, 13, 7, 10, 3, 8, 15, 13]"
460,195,"[20, 21, 27, 30, 30, 29, 22, 25, 19, 21, 19, 16, 18, 16, 18, 27, 17, 17, 11, 19, 14, 9, 8, 7]"
441,425,"[20, 20, 17, 23, 21, 24, 32, 24, 22, 17, 7, 22, 14, 23, 19, 16, 15, 22, 28, 16, 9, 9, 6, 15]"
322,464,"[20, 20, 23, 29, 33, 38, 22, 15, 16, 17, 13, 8, 4, 6, 4, 5, 3, 9, 5, 9, 2, 6, 7, 8]"
298,466,"[20, 27, 33, 28, 15, 24, 17, 23, 20, 17, 25, 11, 13, 4, 0, 3, 3, 2, 4, 3, 3, 1, 2, 0]"
320,521,"[20, 16, 23, 27, 11, 16, 19, 23, 17, 32, 15, 11, 9, 10, 6, 14, 10, 4, 8, 5, 5, 7, 5, 7]"
391,543,"[20, 18, 19, 18, 20, 18, 20, 20, 15, 17, 15, 9, 20, 21, 19, 19, 18, 12, 13, 15, 16, 17, 8, 4]"
378,569t,"[20, 18, 21, 35, 30, 25, 18, 21, 18, 19, 30, 17, 17, 14, 14, 17, 14, 10, 5, 10, 3, 2, 0, 0]"
206,96,"[19, 10, 12, 12, 9, 13, 14, 18, 13, 11, 15, 6, 9, 5, 3, 4, 4, 10, 4, 4, 2, 2, 3, 4]"
292,123b,"[19, 18, 18, 23, 15, 13, 9, 13, 17, 15, 10, 6, 10, 5, 10, 9, 7, 8, 7, 10, 11, 8, 13, 18]"
351,139,"[19, 16, 14, 10, 12, 14, 10, 15, 12, 21, 11, 12, 12, 13, 12, 20, 17, 10, 8, 18, 23, 18, 16, 18]"
304,149,"[19, 16, 19, 18, 17, 12, 16, 15, 17, 20, 12, 13, 10, 2, 9, 8, 10, 6, 8, 14, 11, 12, 11, 9]"
181,274b,"[19, 8, 16, 7, 8, 10, 2, 10, 8, 5, 2, 4, 4, 9, 13, 9, 11, 4, 4, 1, 4, 6, 11, 6]"
465,275b,"[19, 14, 23, 12, 20, 21, 15, 21, 20, 19, 11, 14, 11, 16, 15, 20, 15, 36, 21, 19, 17, 31, 33, 22]"
368,403,"[19, 13, 12, 7, 10, 9, 7, 13, 12, 15, 21, 10, 16, 11, 19, 20, 16, 14, 17, 21, 22, 16, 19, 29]"
802,405,"[19, 22, 34, 33, 36, 28, 32, 25, 28, 37, 20, 26, 26, 31, 32, 37, 47, 35, 50, 54, 41, 29, 45, 35]"
91,483,"[19, 6, 7, 5, 9, 6, 8, 4, 1, 5, 5, 5, 3, 1, 1, 0, 2, 0, 0, 2, 2, 0, 0, 0]"
458,27,"[18, 22, 22, 31, 20, 20, 25, 20, 22, 30, 16, 9, 16, 15, 24, 19, 16, 12, 11, 15, 23, 20, 20, 12]"
182,55,"[18, 12, 20, 12, 4, 14, 10, 18, 4, 6, 6, 9, 8, 5, 6, 3, 5, 6, 5, 4, 0, 2, 2, 3]"
260,60,"[18, 9, 19, 15, 9, 14, 22, 14, 15, 14, 25, 12, 14, 11, 6, 5, 4, 5, 7, 2, 4, 7, 3, 6]"
336,175,"[18, 13, 17, 20, 15, 16, 11, 17, 11, 13, 13, 16, 16, 8, 15, 10, 8, 14, 14, 8, 21, 15, 13, 14]"
394,193,"[18, 15, 19, 20, 21, 19, 36, 40, 21, 33, 17, 13, 16, 13, 13, 15, 10, 7, 6, 11, 8, 6, 7, 10]"
304,260,"[18, 12, 6, 11, 10, 15, 15, 13, 11, 12, 16, 15, 16, 18, 10, 10, 14, 6, 11, 16, 12, 12, 15, 10]"
188,360,"[18, 18, 12, 10, 16, 11, 13, 8, 7, 6, 5, 7, 6, 6, 4, 4, 4, 3, 8, 4, 5, 5, 4, 4]"
355,417,"[18, 20, 27, 16, 29, 27, 22, 23, 21, 20, 13, 15, 12, 11, 12, 5, 11, 5, 13, 12, 5, 12, 4, 2]"
270,482,"[18, 8, 8, 16, 9, 6, 8, 7, 11, 14, 6, 17, 10, 6, 8, 12, 13, 10, 7, 13, 17, 17, 16, 13]"
123,92,"[17, 7, 7, 8, 12, 12, 7, 5, 3, 5, 5, 2, 3, 2, 2, 4, 3, 7, 5, 1, 1, 1, 3, 1]"
160,140,"[17, 6, 9, 9, 13, 5, 5, 8, 10, 15, 5, 3, 4, 7, 4, 6, 5, 5, 3, 1, 3, 7, 5, 5]"
258,173,"[17, 13, 17, 9, 30, 21, 15, 11, 10, 9, 6, 7, 16, 14, 6, 5, 6, 5, 6, 6, 7, 7, 7, 8]"
271,210,"[17, 19, 16, 22, 13, 8, 17, 17, 18, 22, 17, 5, 9, 13, 6, 6, 7, 5, 10, 7, 7, 2, 4, 4]"
195,275t,"[17, 12, 14, 16, 13, 17, 16, 13, 9, 11, 7, 6, 8, 1, 6, 6, 2, 5, 3, 3, 5, 4, 1, 0]"
273,322,"[17, 16, 11, 17, 14, 20, 19, 11, 15, 9, 8, 11, 7, 2, 4, 4, 12, 11, 13, 15, 17, 9, 6, 5]"
640,343,"[17, 23, 21, 19, 20, 18, 23, 18, 14, 23, 18, 20, 27, 21, 34, 39, 33, 31, 36, 39, 37, 39, 32, 38]"
312,370,"[17, 12, 19, 21, 14, 17, 16, 21, 19, 28, 18, 18, 13, 7, 9, 13, 6, 9, 10, 3, 8, 4, 6, 4]"
165,374,"[17, 8, 14, 10, 15, 14, 6, 9, 9, 15, 1, 8, 3, 2, 2, 6, 8, 4, 4, 2, 3, 1, 2, 2]"
167,414,"[17, 12, 15, 8, 13, 8, 8, 8, 10, 9, 9, 7, 5, 1, 7, 2, 3, 6, 4, 3, 4, 1, 3, 4]"
195,467,"[17, 8, 12, 6, 9, 8, 13, 11, 14, 11, 11, 13, 4, 10, 9, 6, 4, 12, 3, 2, 2, 2, 2, 6]"
229,511,"[17, 21, 19, 15, 11, 14, 12, 13, 10, 13, 10, 5, 9, 4, 4, 3, 2, 1, 9, 6, 7, 5, 6, 13]"
225,517,"[17, 24, 11, 8, 12, 16, 16, 7, 14, 12, 8, 8, 13, 6, 11, 7, 6, 7, 2, 4, 2, 0, 5, 9]"
130,45b,"[16, 12, 6, 5, 7, 4, 7, 7, 3, 6, 5, 2, 6, 8, 7, 6, 4, 4, 0, 3, 5, 5, 1, 1]"
365,50b,"[16, 13, 12, 17, 20, 18, 14, 13, 6, 11, 10, 19, 17, 22, 21, 16, 15, 18, 9, 16, 15, 14, 12, 21]"
149,82b,"[16, 11, 7, 15, 16, 15, 4, 10, 4, 5, 5, 1, 0, 4, 4, 3, 5, 6, 5, 0, 3, 4, 3, 3]"
186,132,"[16, 18, 15, 19, 13, 5, 7, 6, 7, 6, 8, 7, 7, 3, 7, 6, 6, 7, 2, 7, 4, 6, 2, 2]"
498,134,"[16, 19, 26, 23, 35, 37, 29, 30, 17, 41, 22, 19, 17, 12, 15, 19, 7, 7, 16, 13, 15, 23, 25, 15]"
245,156,"[16, 22, 23, 23, 23, 11, 18, 10, 9, 6, 9, 7, 9, 3, 3, 5, 4, 5, 3, 5, 5, 8, 9, 9]"
425,240,"[16, 14, 16, 25, 15, 14, 22, 18, 27, 27, 22, 17, 21, 19, 23, 18, 19, 13, 17, 15, 12, 9, 14, 12]"
167,242,"[16, 15, 11, 9, 4, 10, 6, 9, 6, 7, 4, 4, 9, 5, 2, 4, 6, 9, 7, 6, 1, 4, 6, 7]"
158,289,"[16, 12, 9, 11, 9, 11, 11, 3, 11, 3, 3, 4, 5, 4, 9, 3, 1, 3, 3, 4, 7, 4, 6, 6]"
407,316,"[16, 16, 19, 23, 17, 19, 15, 15, 15, 21, 20, 22, 15, 14, 20, 12, 16, 14, 16, 19, 12, 18, 17, 16]"
191,330t,"[16, 14, 15, 9, 7, 15, 11, 14, 10, 8, 4, 7, 8, 7, 10, 7, 12, 4, 3, 3, 0, 2, 3, 2]"
370,385t,"[16, 16, 19, 9, 15, 13, 18, 23, 12, 15, 16, 10, 13, 22, 13, 15, 16, 14, 12, 18, 19, 13, 19, 14]"
130,516,"[16, 28, 5, 4, 4, 4, 7, 0, 5, 7, 5, 5, 6, 3, 0, 0, 1, 2, 3, 2, 6, 5, 7, 5]"
238,536,"[16, 18, 20, 11, 11, 11, 13, 15, 11, 13, 11, 8, 9, 6, 4, 10, 8, 6, 6, 8, 10, 5, 4, 4]"
167,52b,"[15, 13, 4, 13, 13, 12, 7, 12, 12, 9, 5, 8, 6, 3, 3, 8, 3, 2, 3, 3, 3, 4, 1, 5]"
209,68t,"[15, 15, 16, 15, 13, 18, 12, 18, 12, 9, 6, 3, 9, 6, 10, 3, 1, 4, 5, 8, 2, 2, 5, 2]"
307,245,"[15, 13, 15, 12, 12, 13, 18, 15, 18, 12, 14, 15, 29, 18, 15, 11, 16, 7, 9, 4, 5, 6, 10, 5]"
286,291,"[15, 14, 17, 18, 14, 14, 18, 13, 12, 11, 8, 9, 13, 13, 15, 8, 6, 12, 13, 7, 8, 10, 9, 9]"
264,331,"[15, 6, 9, 25, 28, 15, 14, 17, 24, 6, 4, 4, 6, 11, 6, 11, 11, 4, 7, 2, 7, 6, 11, 15]"
268,387,"[15, 21, 16, 17, 15, 10, 7, 11, 12, 10, 8, 8, 4, 5, 17, 3, 10, 12, 11, 12, 9, 15, 8, 12]"
268,402,"[15, 15, 8, 13, 7, 9, 12, 15, 13, 15, 14, 8, 11, 7, 15, 9, 13, 11, 8, 11, 10, 10, 8, 11]"
228,524,"[15, 14, 10, 15, 13, 9, 11, 5, 12, 14, 7, 9, 7, 9, 11, 6, 11, 8, 9, 9, 10, 5, 6, 3]"
142,531,"[15, 13, 9, 11, 13, 11, 10, 4, 7, 3, 5, 3, 6, 8, 2, 2, 3, 2, 2, 5, 1, 3, 2, 2]"
412,568,"[15, 22, 22, 20, 29, 17, 23, 23, 21, 20, 27, 25, 31, 22, 9, 17, 17, 12, 11, 15, 1, 4, 4, 5]"
178,50t,"[14, 12, 16, 10, 12, 14, 9, 9, 10, 8, 10, 4, 6, 8, 7, 7, 2, 1, 2, 4, 4, 2, 3, 4]"
258,98,"[14, 12, 11, 13, 13, 13, 8, 12, 7, 9, 8, 12, 12, 10, 7, 8, 13, 8, 5, 20, 14, 9, 12, 8]"
200,160b,"[14, 11, 12, 15, 14, 7, 10, 12, 4, 16, 8, 8, 7, 9, 8, 3, 12, 3, 3, 2, 5, 9, 3, 5]"
185,165,"[14, 16, 15, 15, 10, 13, 12, 15, 4, 7, 10, 4, 8, 2, 4, 3, 5, 3, 0, 3, 1, 8, 4, 9]"
241,206,"[14, 19, 13, 18, 11, 12, 7, 9, 8, 3, 8, 6, 7, 10, 9, 7, 4, 8, 7, 17, 14, 10, 13, 7]"
172,311,"[14, 16, 11, 13, 5, 15, 6, 9, 11, 8, 10, 3, 6, 5, 3, 6, 7, 4, 3, 6, 3, 2, 3, 3]"
315,337,"[14, 9, 12, 11, 12, 15, 11, 13, 14, 14, 17, 8, 11, 9, 14, 16, 12, 12, 11, 16, 17, 13, 16, 18]"
123,399t,"[14, 11, 4, 10, 9, 11, 5, 12, 3, 2, 3, 3, 7, 2, 4, 9, 1, 2, 3, 2, 2, 0, 3, 1]"
139,453,"[14, 8, 8, 10, 8, 10, 5, 9, 4, 4, 8, 4, 5, 4, 5, 6, 2, 3, 2, 4, 3, 5, 4, 4]"
121,488,"[14, 7, 12, 12, 4, 5, 5, 2, 6, 13, 6, 5, 15, 2, 0, 0, 2, 2, 1, 1, 0, 4, 2, 1]"
216,33t,"[13, 10, 6, 17, 17, 11, 16, 17, 14, 11, 5, 10, 8, 14, 16, 5, 3, 4, 6, 5, 5, 0, 1, 2]"
299,44,"[13, 12, 6, 16, 10, 4, 9, 16, 14, 16, 9, 4, 7, 5, 5, 10, 15, 16, 17, 21, 24, 20, 19, 11]"
215,90,"[13, 6, 6, 9, 11, 10, 4, 11, 12, 5, 6, 8, 13, 9, 6, 9, 5, 13, 10, 10, 8, 11, 10, 10]"
205,94,"[13, 18, 13, 11, 8, 11, 9, 12, 9, 7, 5, 11, 12, 9, 5, 9, 5, 4, 6, 7, 11, 3, 3, 4]"
305,136,"[13, 3, 7, 7, 6, 14, 14, 15, 20, 22, 10, 9, 9, 13, 12, 13, 13, 3, 10, 19, 13, 18, 25, 17]"
97,169,"[13, 8, 13, 12, 7, 9, 9, 2, 3, 0, 2, 0, 5, 0, 2, 2, 4, 1, 0, 2, 2, 0, 1, 0]"
254,202,"[13, 14, 18, 17, 12, 12, 11, 7, 7, 8, 10, 9, 7, 7, 17, 16, 11, 9, 10, 10, 9, 8, 8, 4]"
191,213b,"[13, 13, 6, 7, 11, 3, 8, 7, 5, 9, 8, 9, 5, 8, 4, 13, 10, 5, 5, 4, 13, 10, 11, 4]"
264,231,"[13, 15, 10, 18, 16, 11, 2, 7, 3, 4, 7, 8, 3, 6, 8, 15, 10, 17, 19, 11, 18, 21, 5, 17]"
86,285b,"[13, 6, 4, 2, 6, 5, 7, 8, 4, 2, 4, 1, 1, 2, 1, 4, 5, 2, 4, 0, 3, 0, 0, 2]"
102,308,"[13, 7, 7, 11, 11, 2, 6, 5, 6, 4, 3, 7, 2, 2, 0, 3, 2, 4, 3, 0, 0, 1, 1, 2]"
466,323b,"[13, 22, 14, 12, 16, 13, 15, 24, 16, 21, 17, 12, 21, 23, 28, 18, 14, 24, 27, 16, 22, 26, 21, 31]"
162,386,"[13, 10, 10, 6, 9, 7, 11, 5, 14, 13, 6, 6, 5, 4, 10, 5, 6, 1, 6, 3, 3, 5, 2, 2]"
173,397,"[13, 13, 14, 9, 7, 10, 10, 17, 9, 9, 12, 8, 5, 2, 4, 4, 6, 2, 3, 3, 4, 8, 1, 0]"
201,410b,"[13, 20, 11, 18, 22, 13, 6, 8, 6, 13, 4, 4, 1, 3, 3, 6, 5, 4, 8, 3, 5, 6, 9, 10]"
193,420,"[13, 13, 9, 7, 5, 14, 6, 10, 9, 4, 7, 7, 7, 10, 8, 6, 9, 8, 5, 2, 9, 9, 6, 10]"
102,429,"[13, 7, 4, 3, 13, 6, 7, 0, 8, 4, 3, 8, 3, 2, 3, 1, 5, 5, 4, 1, 0, 0, 0, 2]"
335,438,"[13, 10, 20, 10, 22, 20, 20, 23, 19, 18, 16, 11, 19, 19, 9, 8, 15, 9, 13, 10, 5, 11, 7, 8]"
313,491,"[13, 18, 21, 16, 14, 7, 16, 13, 12, 10, 16, 15, 12, 17, 13, 6, 8, 7, 12, 12, 10, 16, 19, 10]"
212,513,"[13, 15, 13, 5, 11, 6, 12, 9, 9, 8, 10, 6, 13, 8, 7, 9, 7, 6, 7, 11, 10, 10, 6, 1]"
179,558,"[13, 12, 8, 8, 12, 14, 15, 13, 9, 12, 13, 10, 5, 5, 6, 2, 2, 6, 3, 3, 1, 2, 2, 3]"
153,80t,"[12, 4, 11, 9, 9, 14, 8, 15, 13, 6, 6, 3, 5, 1, 5, 3, 4, 4, 4, 7, 5, 2, 3, 0]"
285,205,"[12, 10, 8, 14, 13, 7, 17, 19, 14, 17, 16, 24, 12, 15, 12, 7, 6, 8, 10, 6, 5, 9, 8, 16]"
118,225b,"[12, 8, 6, 3, 9, 7, 6, 5, 7, 4, 6, 5, 7, 2, 2, 4, 4, 3, 2, 5, 3, 4, 1, 3]"
135,266,"[12, 13, 13, 11, 9, 2, 8, 6, 4, 2, 11, 7, 4, 3, 4, 1, 4, 2, 4, 2, 0, 6, 3, 4]"
129,279,"[12, 14, 18, 12, 10, 6, 7, 6, 5, 6, 6, 0, 2, 3, 2, 1, 4, 2, 2, 5, 0, 2, 1, 3]"
185,292,"[12, 15, 19, 15, 8, 12, 12, 7, 15, 17, 12, 2, 8, 4, 5, 1, 3, 0, 2, 4, 2, 5, 3, 2]"
179,310,"[12, 8, 8, 12, 10, 10, 7, 5, 6, 3, 7, 6, 1, 8, 6, 7, 7, 8, 10, 13, 10, 6, 6, 3]"
275,329,"[12, 13, 17, 14, 19, 20, 14, 18, 20, 14, 13, 9, 7, 6, 11, 8, 8, 6, 4, 6, 4, 12, 10, 10]"
200,382,"[12, 13, 18, 7, 13, 12, 10, 12, 7, 12, 4, 6, 6, 2, 10, 7, 12, 5, 1, 3, 8, 8, 8, 4]"
215,394,"[12, 7, 12, 11, 10, 9, 11, 9, 8, 12, 13, 8, 12, 7, 12, 8, 11, 9, 5, 6, 5, 10, 5, 3]"
135,502,"[12, 12, 14, 5, 6, 10, 8, 9, 8, 12, 4, 3, 3, 3, 3, 2, 4, 1, 1, 1, 3, 3, 6, 2]"
129,539,"[12, 3, 5, 12, 2, 5, 11, 10, 4, 5, 7, 6, 10, 2, 6, 6, 13, 2, 1, 1, 2, 2, 1, 1]"
143,545,"[12, 11, 11, 10, 8, 13, 13, 3, 7, 10, 4, 3, 1, 5, 6, 3, 6, 4, 4, 5, 2, 0, 0, 2]"
139,76t,"[11, 6, 8, 11, 2, 10, 10, 7, 4, 5, 8, 8, 5, 12, 6, 2, 6, 4, 5, 3, 2, 1, 1, 2]"
574,78,"[11, 21, 24, 12, 12, 15, 17, 15, 16, 11, 22, 24, 20, 22, 28, 28, 35, 29, 29, 38, 30, 35, 42, 38]"
333,79,"[11, 7, 19, 12, 12, 13, 7, 20, 22, 19, 8, 14, 17, 11, 12, 13, 12, 14, 13, 17, 11, 15, 18, 16]"
109,88b,"[11, 7, 12, 14, 7, 5, 9, 5, 1, 3, 4, 3, 2, 3, 4, 3, 1, 1, 2, 3, 2, 1, 2, 4]"
90,271b,"[11, 10, 7, 2, 4, 3, 4, 2, 2, 1, 2, 3, 1, 3, 3, 5, 3, 4, 3, 3, 1, 7, 6, 0]"
170,286,"[11, 16, 10, 12, 9, 15, 12, 8, 8, 8, 5, 2, 0, 4, 3, 4, 5, 1, 5, 4, 4, 1, 8, 15]"
117,395,"[11, 4, 2, 4, 5, 6, 6, 4, 4, 8, 7, 7, 8, 6, 4, 4, 2, 2, 9, 4, 2, 6, 1, 1]"
151,423,"[11, 12, 19, 23, 18, 10, 9, 4, 6, 8, 5, 2, 3, 1, 0, 0, 3, 1, 7, 4, 0, 2, 1, 2]"
409,424,"[11, 14, 18, 15, 22, 26, 27, 21, 20, 23, 28, 22, 15, 16, 15, 17, 20, 16, 8, 7, 6, 9, 17, 16]"
172,458,"[11, 10, 9, 13, 12, 8, 10, 10, 9, 7, 13, 1, 5, 5, 3, 4, 3, 7, 6, 3, 5, 11, 5, 2]"
112,461,"[11, 9, 4, 6, 17, 6, 2, 5, 4, 3, 5, 2, 4, 3, 7, 4, 4, 4, 1, 2, 2, 2, 1, 4]"
111,465,"[11, 11, 9, 6, 8, 11, 5, 3, 6, 5, 12, 2, 6, 0, 0, 1, 5, 1, 2, 0, 1, 2, 1, 3]"
187,468,"[11, 8, 11, 15, 7, 13, 14, 9, 20, 16, 22, 9, 5, 5, 4, 4, 1, 4, 4, 2, 0, 1, 1, 1]"
189,470,"[11, 9, 7, 8, 10, 5, 12, 9, 8, 9, 12, 3, 4, 10, 8, 7, 8, 6, 6, 4, 11, 7, 12, 3]"
372,510,"[11, 10, 12, 11, 12, 8, 6, 7, 18, 15, 14, 26, 24, 30, 24, 27, 22, 20, 15, 17, 10, 13, 9, 11]"
72,25,"[10, 5, 7, 5, 4, 3, 6, 4, 5, 3, 3, 4, 1, 3, 3, 1, 1, 1, 2, 1, 0, 0, 0, 0]"
98,69b,"[10, 5, 11, 6, 8, 7, 5, 5, 3, 3, 2, 0, 3, 1, 2, 2, 0, 4, 4, 1, 7, 3, 4, 2]"
235,80b,"[10, 11, 14, 9, 9, 4, 6, 13, 11, 10, 8, 8, 7, 14, 5, 7, 10, 8, 10, 15, 14, 11, 9, 12]"
223,103,"[10, 14, 12, 8, 5, 6, 8, 12, 9, 10, 13, 5, 9, 6, 5, 11, 7, 8, 8, 6, 14, 21, 10, 6]"
333,164,"[10, 11, 12, 11, 15, 14, 12, 10, 14, 14, 12, 11, 13, 20, 15, 22, 16, 19, 15, 12, 8, 12, 12, 23]"
217,174,"[10, 8, 12, 12, 16, 13, 20, 17, 14, 14, 11, 16, 8, 7, 7, 1, 3, 4, 3, 3, 8, 3, 4, 3]"
240,232,"[10, 13, 12, 15, 17, 9, 14, 15, 12, 20, 7, 16, 15, 10, 7, 10, 10, 3, 5, 6, 2, 2, 6, 4]"
307,342,"[10, 14, 8, 6, 12, 7, 10, 22, 17, 18, 11, 10, 17, 11, 12, 14, 10, 13, 12, 13, 11, 15, 17, 17]"
153,346,"[10, 10, 8, 8, 10, 10, 7, 7, 11, 8, 8, 5, 5, 2, 6, 7, 5, 6, 3, 6, 3, 3, 3, 2]"
380,379,"[10, 17, 22, 19, 10, 13, 16, 12, 16, 14, 20, 17, 12, 17, 18, 12, 17, 15, 16, 19, 16, 17, 15, 20]"
163,393,"[10, 9, 7, 5, 6, 9, 9, 10, 10, 11, 13, 4, 6, 7, 5, 3, 5, 4, 9, 7, 3, 4, 2, 5]"
165,398,"[10, 7, 7, 15, 8, 5, 9, 10, 8, 8, 4, 7, 9, 6, 4, 11, 5, 8, 5, 2, 6, 4, 2, 5]"
294,415,"[10, 13, 13, 21, 21, 10, 16, 19, 16, 10, 10, 12, 15, 4, 10, 9, 8, 10, 7, 9, 16, 17, 10, 8]"
177,431,"[10, 15, 12, 12, 10, 15, 8, 11, 15, 15, 11, 4, 9, 6, 1, 4, 3, 3, 2, 4, 4, 1, 1, 1]"
142,487,"[10, 8, 7, 9, 8, 14, 12, 5, 11, 8, 12, 8, 4, 5, 6, 3, 2, 1, 1, 1, 2, 2, 2, 1]"
132,83b,"[9, 6, 6, 8, 10, 9, 6, 9, 5, 10, 6, 4, 7, 3, 1, 2, 5, 3, 9, 4, 0, 5, 5, 0]"
113,93,"[9, 2, 7, 3, 4, 6, 10, 3, 7, 3, 2, 3, 5, 3, 7, 5, 6, 4, 4, 3, 5, 5, 3, 4]"
115,185,"[9, 1, 8, 6, 5, 8, 7, 4, 3, 6, 5, 4, 3, 3, 1, 3, 3, 5, 7, 5, 4, 6, 6, 3]"
121,223,"[9, 6, 7, 5, 11, 11, 3, 3, 6, 8, 3, 8, 2, 5, 2, 8, 5, 1, 3, 2, 2, 3, 3, 5]"
304,250,"[9, 16, 10, 12, 14, 13, 18, 31, 16, 23, 19, 6, 16, 8, 5, 11, 8, 9, 15, 9, 11, 10, 7, 8]"
313,321,"[9, 10, 10, 8, 9, 8, 7, 8, 14, 13, 12, 12, 11, 11, 13, 12, 13, 10, 14, 16, 21, 25, 20, 27]"
145,416,"[9, 8, 14, 13, 5, 7, 9, 2, 6, 9, 2, 2, 3, 7, 2, 5, 4, 10, 10, 7, 4, 2, 2, 3]"
157,478,"[9, 5, 14, 4, 2, 8, 14, 8, 12, 13, 11, 7, 9, 2, 5, 2, 5, 4, 0, 3, 5, 1, 8, 6]"
139,518,"[9, 7, 9, 6, 4, 3, 6, 8, 11, 8, 6, 7, 7, 3, 5, 6, 6, 6, 7, 5, 3, 1, 3, 3]"
96,541,"[9, 13, 4, 2, 6, 14, 6, 5, 6, 6, 2, 5, 1, 1, 2, 4, 4, 2, 2, 2, 0, 0, 0, 0]"
265,544,"[9, 9, 14, 13, 9, 6, 3, 9, 12, 14, 17, 7, 14, 11, 16, 15, 19, 10, 9, 6, 9, 15, 14, 5]"
133,37t,"[8, 3, 9, 2, 5, 3, 6, 4, 6, 2, 4, 15, 13, 7, 8, 4, 4, 5, 0, 5, 5, 6, 5, 4]"
255,109,"[8, 8, 11, 14, 12, 12, 8, 9, 12, 11, 11, 7, 7, 6, 5, 5, 4, 11, 8, 8, 13, 19, 26, 20]"
233,167,"[8, 12, 14, 10, 12, 12, 17, 12, 14, 7, 5, 12, 5, 8, 7, 6, 5, 9, 11, 10, 8, 12, 9, 8]"
146,188,"[8, 8, 7, 6, 12, 8, 9, 12, 8, 8, 10, 3, 3, 6, 6, 4, 4, 5, 4, 2, 3, 5, 3, 2]"
123,293,"[8, 8, 5, 4, 8, 5, 6, 5, 15, 5, 10, 7, 8, 1, 2, 6, 4, 3, 0, 3, 3, 3, 2, 2]"
88,359,"[8, 9, 8, 3, 4, 5, 7, 7, 2, 2, 3, 2, 3, 3, 0, 3, 4, 0, 2, 3, 2, 4, 2, 2]"
148,433,"[8, 7, 4, 6, 14, 12, 11, 11, 7, 7, 8, 10, 5, 5, 1, 2, 4, 4, 3, 3, 3, 4, 4, 5]"
138,451,"[8, 3, 5, 8, 7, 5, 2, 12, 6, 8, 9, 2, 7, 5, 8, 5, 3, 3, 7, 9, 7, 3, 4, 2]"
132,462,"[8, 9, 13, 8, 11, 14, 14, 6, 6, 6, 5, 4, 3, 2, 4, 3, 1, 2, 1, 1, 5, 5, 1, 0]"
284,494,"[8, 14, 12, 12, 10, 13, 8, 14, 27, 15, 17, 16, 17, 11, 12, 15, 5, 8, 9, 8, 9, 12, 6, 6]"
150,572,"[8, 15, 7, 6, 4, 6, 6, 8, 7, 11, 8, 3, 10, 2, 4, 3, 6, 5, 6, 4, 8, 5, 4, 4]"
135,51,"[7, 5, 7, 8, 3, 8, 7, 7, 6, 14, 8, 3, 6, 6, 6, 3, 7, 2, 3, 5, 4, 8, 0, 2]"
150,81b,"[7, 5, 11, 11, 7, 7, 1, 8, 4, 7, 5, 6, 5, 6, 7, 8, 7, 5, 8, 6, 4, 6, 7, 2]"
64,115,"[7, 5, 5, 2, 4, 8, 4, 6, 3, 3, 4, 2, 0, 2, 0, 1, 1, 1, 0, 1, 3, 1, 1, 0]"
105,116,"[7, 9, 11, 11, 9, 9, 5, 5, 1, 5, 7, 5, 3, 1, 1, 0, 4, 7, 0, 0, 1, 1, 1, 2]"
82,118,"[7, 10, 8, 4, 6, 3, 9, 4, 3, 4, 3, 2, 2, 3, 2, 0, 2, 1, 1, 3, 0, 2, 2, 1]"
108,130,"[7, 3, 5, 11, 3, 2, 6, 7, 4, 11, 3, 2, 4, 2, 2, 2, 3, 2, 11, 9, 3, 5, 0, 1]"
128,161,"[7, 7, 3, 3, 2, 5, 2, 7, 4, 5, 4, 3, 5, 4, 0, 5, 10, 3, 4, 9, 6, 11, 7, 12]"
141,184,"[7, 7, 7, 10, 4, 9, 6, 6, 9, 6, 8, 4, 4, 6, 3, 6, 1, 3, 4, 5, 6, 4, 9, 7]"
183,301,"[7, 12, 13, 5, 10, 8, 6, 13, 9, 7, 5, 3, 4, 3, 3, 6, 10, 10, 3, 6, 14, 8, 6, 12]"
158,367,"[7, 15, 14, 17, 10, 5, 12, 14, 11, 8, 6, 5, 3, 3, 2, 2, 3, 2, 4, 5, 8, 0, 0, 2]"
141,381,"[7, 7, 11, 7, 7, 4, 10, 8, 7, 7, 6, 8, 10, 6, 7, 2, 4, 5, 2, 4, 5, 1, 2, 4]"
142,404,"[7, 9, 12, 14, 12, 5, 6, 5, 8, 5, 8, 3, 1, 3, 3, 1, 5, 4, 5, 5, 7, 2, 4, 8]"
82,413,"[7, 9, 3, 7, 3, 8, 3, 3, 7, 2, 2, 4, 1, 3, 3, 0, 2, 2, 4, 2, 4, 1, 0, 2]"
76,263,"[6, 1, 7, 3, 4, 5, 3, 6, 3, 5, 6, 4, 3, 1, 1, 0, 5, 2, 1, 1, 3, 0, 3, 3]"
160,325,"[6, 11, 11, 11, 10, 7, 6, 10, 10, 20, 15, 0, 1, 6, 5, 6, 5, 1, 5, 5, 0, 2, 6, 1]"
91,493,"[6, 5, 3, 9, 10, 12, 0, 5, 2, 1, 1, 4, 5, 1, 4, 4, 4, 0, 1, 4, 1, 3, 1, 5]"
116,41,"[5, 4, 10, 10, 9, 4, 10, 3, 7, 1, 10, 1, 3, 1, 4, 3, 9, 2, 8, 0, 2, 4, 3, 3]"
148,54,"[5, 4, 10, 12, 8, 7, 5, 6, 9, 11, 8, 2, 6, 9, 7, 5, 2, 2, 8, 6, 2, 5, 7, 2]"
150,72t,"[5, 6, 14, 8, 8, 7, 8, 7, 6, 8, 5, 4, 5, 3, 5, 5, 4, 5, 3, 3, 4, 8, 5, 14]"
238,211,"[5, 8, 16, 6, 14, 12, 17, 11, 15, 13, 12, 15, 14, 7, 5, 7, 10, 4, 5, 11, 8, 6, 8, 9]"
79,407,"[5, 3, 4, 4, 6, 1, 5, 5, 5, 6, 4, 4, 7, 0, 4, 2, 4, 5, 1, 1, 0, 1, 0, 2]"
132,409,"[5, 9, 9, 11, 9, 6, 13, 11, 9, 4, 5, 6, 4, 4, 2, 3, 2, 6, 3, 0, 3, 2, 1, 5]"
114,562,"[5, 9, 8, 8, 14, 9, 11, 12, 5, 6, 8, 4, 1, 1, 2, 1, 2, 2, 1, 0, 0, 1, 3, 1]"
103,570,"[5, 12, 0, 6, 7, 6, 1, 4, 2, 8, 2, 3, 5, 5, 3, 3, 3, 4, 1, 7, 5, 3, 6, 2]"
165,24b,"[4, 5, 11, 7, 8, 5, 8, 4, 5, 5, 14, 9, 7, 9, 11, 8, 2, 9, 5, 7, 5, 12, 2, 3]"
56,160t,"[4, 2, 5, 2, 2, 4, 3, 1, 5, 3, 4, 3, 4, 0, 1, 2, 2, 3, 1, 1, 3, 0, 1, 0]"
73,459,"[4, 6, 3, 4, 5, 4, 3, 3, 4, 9, 3, 1, 3, 2, 3, 4, 1, 1, 3, 3, 3, 0, 1, 0]"
78,463,"[4, 2, 5, 4, 2, 4, 5, 4, 6, 7, 7, 7, 8, 6, 3, 2, 0, 0, 1, 0, 0, 0, 1, 0]"
115,476,"[4, 5, 13, 5, 9, 5, 8, 6, 8, 7, 12, 4, 8, 3, 3, 1, 1, 2, 1, 3, 2, 3, 0, 2]"
143,553,"[4, 6, 7, 5, 9, 14, 9, 6, 9, 8, 4, 5, 5, 1, 5, 8, 3, 5, 5, 9, 4, 8, 3, 1]"
288,104,"[3, 9, 12, 10, 10, 5, 8, 5, 4, 6, 5, 2, 16, 13, 5, 14, 13, 10, 19, 23, 23, 26, 24, 23]"
103,152,"[3, 1, 6, 11, 4, 2, 9, 1, 5, 1, 2, 10, 3, 3, 3, 4, 4, 2, 2, 5, 3, 2, 8, 9]"
96,158,"[3, 6, 8, 2, 3, 5, 7, 6, 3, 5, 3, 7, 7, 2, 5, 1, 7, 1, 0, 3, 2, 2, 4, 4]"
128,295,"[3, 2, 8, 9, 7, 4, 6, 7, 13, 3, 5, 4, 2, 4, 6, 3, 7, 3, 5, 4, 4, 5, 7, 7]"
81,450,"[3, 7, 3, 7, 2, 7, 4, 3, 4, 4, 3, 2, 2, 4, 3, 3, 3, 3, 5, 3, 1, 3, 2, 0]"
93,471,"[3, 1, 3, 5, 2, 3, 5, 5, 9, 7, 1, 3, 6, 3, 3, 3, 4, 4, 5, 3, 5, 2, 5, 3]"
114,484,"[3, 4, 5, 5, 2, 3, 9, 6, 6, 3, 4, 5, 5, 4, 8, 5, 8, 4, 4, 11, 4, 1, 3, 2]"
111,571,"[3, 3, 7, 14, 6, 3, 4, 5, 8, 5, 5, 8, 8, 2, 9, 4, 1, 3, 1, 3, 3, 4, 1, 1]"
116,355,"[2, 3, 6, 9, 8, 8, 9, 5, 7, 7, 11, 4, 5, 3, 4, 6, 3, 2, 3, 3, 2, 2, 1, 3]"
115,412,"[2, 4, 8, 5, 6, 3, 6, 5, 7, 5, 10, 8, 1, 4, 3, 8, 6, 4, 3, 2, 1, 4, 0, 10]"
228,435,"[2, 11, 9, 12, 16, 15, 15, 18, 12, 11, 8, 9, 7, 7, 10, 12, 7, 17, 7, 3, 5, 7, 2, 6]"
90,437,"[2, 5, 3, 6, 6, 4, 2, 4, 4, 8, 8, 6, 4, 4, 0, 6, 4, 4, 1, 2, 2, 2, 3, 0]"
61,449,"[2, 5, 3, 5, 3, 6, 7, 5, 3, 5, 1, 3, 0, 1, 0, 1, 3, 2, 0, 0, 3, 1, 2, 0]"
38,24t,"[1, 4, 2, 2, 3, 3, 7, 1, 4, 3, 3, 0, 0, 0, 1, 0, 0, 0, 0, 1, 0, 0, 3, 0]"
